"amphurEN","amphurTH","changwat","lat","long","pop","area","zip","province_id"
"Pom Prap Sattru Phai","ป้อมปราบศัตรูพ่าย","Krung Thep Maha Nakhon","13.75806","100.51306","72040","37307","10100","10"
"Samphanthawong","สัมพันธวงศ์","Krung Thep Maha Nakhon","13.73139","100.51417","35547","25104","10100","10"
"Khlong Toei","คลองเตย","Krung Thep Maha Nakhon","13.70806","100.58389","159527","12271.3","10110","10"
"Watthana","วัฒนา","Krung Thep Maha Nakhon","13.74222","100.58583","82582","6.572","10110","10"
"Bang Kho Laem","บางคอแหลม","Krung Thep Maha Nakhon","13.69333","100.50250","106499","9752","10120","10"
"Sathon","สาทร","Krung Thep Maha Nakhon","13.70806","100.52639","107159","11490","10120","10"
"Yan Nawa","ยานนาวา","Krung Thep Maha Nakhon","13.69694","100.54306","88986","5.341","10120","10"
"Phra Pradaeng","พระประแดง","Samut Prakan","13.65833","100.53389","207141","2822","10130","10"
"Rat Burana","ราษฎร์บูรณะ","Krung Thep Maha Nakhon","13.68222","100.50556","95041","6022","10140","10"
"Thung Khru","ทุ่งครุ","Krung Thep Maha Nakhon","13.633308","100.49572","104827","3410","10140","10"
"Bang Bon","บางบอน","Thung Saliam","18.694992","98.78977","93225","2683","10150","10"
"Bang Khun Thian","บางขุนเทียน","Krung Thep Maha Nakhon","13.66083","100.43583","161642","1339.34","10150","10"
"Chom Thong","จอมทอง","Krung Thep Maha Nakhon","13.677222","100.484722","167794","6389","10150","10"
"Bang Khae","บางแค","Krung Thep Maha Nakhon","13.69611","100.40944","193449","4352","10160","10"
"Nong Khaem","หนองแขม","Krung Thep Maha Nakhon","13.70472","100.34889","125545","3504","10160","10"
"Phasi Charoen","ภาษีเจริญ","Krung Thep Maha Nakhon","13.71472","100.43722","137473","7708","10160","10"
"Taling Chan","ตลิ่งชัน","Krung Thep Maha Nakhon","13.77694","100.45667","105.202","3536","10170","10"
"Thawi Watthana","ทวีวัฒนา","Krung Thep Maha Nakhon","13.776111","100.320833","61177","1218","10170","10"
"Phra Nakhon","พระนคร","Krung Thep Maha Nakhon","13.76444","100.49917","61374","11158.9","10200","10"
"Prawet","ประเวศ","Krung Thep Maha Nakhon","13.71694","100.69444","134189","2556","10200","10"
"Don Mueang","ดอนเมือง","Krung Thep Maha Nakhon","13.91361","100.58972","157989","4293","10210","10"
"Lak Si","หลักสี่","Krung Thep Maha Nakhon","13.88750","100.57889","117163","5130","10210","10"
"Bang Khen","บางเขน","Krung Thep Maha Nakhon","13.87389","100.59639","177062","4203","10220","10"
"Sai Mai","สายไหม","Krung Thep Maha Nakhon","13.91917","100.64583","161749","3625","10220","10"
"Khan Na Yao","คันนายาว","Krung Thep Maha Nakhon","13.873889","100.596389","88986","5341","10230","10"
"Bang Kapi","บางกะปิ","Krung Thep Maha Nakhon","13.76583","100.64778","147694","5178","10240","10"
"Bueng Kum","บึงกุ่ม","Krung Thep Maha Nakhon","13.78528","100.66917","138340","5690","10240","10"
"Saphan Sung","สะพานสูง","Krung Thep Maha Nakhon","13.77000","100.68472","81784","2908","10240","10"
"Suan Luang","สวนหลวง","Krung Thep Maha Nakhon","13.73028","100.65139","114940","4.854","10250","10"
"Bang Na","บางนา","Krung Thep Maha Nakhon","13.66722","100.64194","101737","5415","10260","10"
"Phra Khanong","พระโขนง","Krung Thep Maha Nakhon","13.70222","100.60167","98957","7075","10260","10"
"Mueang Samut Prakan","เมืองสมุทรปราการ","Samut Prakan","13.60056","100.59667","460141","2415","10270",9
"Phra Samut Chedi","พระสมุทรเจดีย์","Samut Prakan","13.56861","100.56167","100022","830.9","10290",9
"Dusit","ดุสิต","Krung Thep Maha Nakhon","13.77694","100.52056","175658","16416.6","10300","10"
"Huai Khwang","ห้วยขวาง","Krung Thep Maha Nakhon","13.77667","100.57944","90185","6012","10310","10"
"Lat Phrao","ลาดพร้าว","Krung Thep Maha Nakhon","13.80361","100.60750","119838","5574","10310","10"
"Wang Thonglang","วังทองหลาง","Krung Thep Maha Nakhon","18.694992","98.78977","114940","4.854","10310","10"
"Pathum Wan","ปทุมวัน","Krung Thep Maha Nakhon","13.73667","100.52333","97533","11654","10330","10"
"Din Daeng","ดินแดง","Krung Thep Maha Nakhon","13.76972","100.55278","186319","22180","10400","10"
"Phaya Thai","พญาไท","Krung Thep Maha Nakhon","13.78000","100.54278","90557","9.438","10400","10"
"Ratchathewi","ราชเทวี","Krung Thep Maha Nakhon","13.75889","100.53444","101892","14299","10400","10"
"Bang Rak","บางรัก","Krung Thep Maha Nakhon","13.73083","100.52417","60485","10926","10500","10"
"Khlong Sam Wa","คลองสามวา","Krung Thep Maha Nakhon","13.85972","100.70417","124476","1125","10510","10"
"Min Buri","มีนบุรี","Krung Thep Maha Nakhon","13.81389","100.74806","115212","1810","10510","10"
"Lat Krabang","ลาดกระบัง","Krung Thep Maha Nakhon","13.72333","100.78417","141789","1144.38","10520","10"
"Nong Chok","หนองจอก","Krung Thep Maha Nakhon","13.85556","100.86250","117385","497","10530","10"
"Bang Phli","บางพลี","Samut Prakan","13.60583","100.70611","212516","817.4","10540",9
"Bang Sao Thong","บางเสาธง","Samut Prakan","13.59500","100.83056","54843","477.8","10540",9
"Bang Bo","บางบ่อ","Samut Prakan","13.57417","100.83611","90226","368","10560",9
"Bangkok Yai","บางกอกใหญ่","Krung Thep Maha Nakhon","13.72278","100.47639","85075","13766","10600","10"
"Khlong San","คลองสาน","Krung Thep Maha Nakhon","13.73028","100.50972","108426","17918","10600","10"
"Thon Buri","ธนบุรี","Krung Thep Maha Nakhon","13.72500","100.48583","175768","20555","10600","10"
"Bangkok Noi","บางกอกน้อย","Krung Thep Maha Nakhon","13.76278","100.47806","152867","12798","10700","10"
"Bang Phlat","บางพลัด","Krung Thep Maha Nakhon","13.79389","100.50500","116271","10235","10700","10"
"Bang Sue","บางซื่อ","Krung Thep Maha Nakhon","13.80972","100.53722","180598","15704","10800","10"
"Chatuchak","จตุจักร","Krung Thep Maha Nakhon","13.82861","100.55972","176501","5363","10900","10"
"Mueang Nonthaburi","เมืองนนทบุรี","Nonthaburi","13.86222","100.51333","353923","4591.33","11000","11"
"Bang Bua Thong","บางบัวทอง","Nonthaburi","13.96861","100.40556","226741","1946.3","11110","11"
"Pak Kret","ปากเกร็ด","Nonthaburi","13.91250","100.49833","201399","2296.6","11120","11"
"Bang Kruai","บางกรวย","Nonthaburi","13.80500","100.47278","66200","1153","11130","11"
"Bang Yai","บางใหญ่","Nonthaburi","13.87667","100.40389","34953","363","11140","11"
"Sai Noi","ไทรน้อย","Nonthaburi","13.97889","100.31361","55000","295.7","11150","11"
"Mueang Pathum Thani","เมืองปทุมธานี","Pathum Thani","14.01972","100.53500","154412","1285","12000","12"
"Thanyaburi","ธัญบุรี","Pathum Thani","14.02111","100.73444","184597","1447","12110","12"
"Khlong Luang","คลองหลวง","Pathum Thani","14.06500","100.64611","150871","504.2","12120","12"
"Lat Lum Kaeo","ลาดหลุมแก้ว","Pathum Thani","14.03722","100.40472","52995","261","12140","12"
"Lam Luk Ka","ลำลูกกา","Pathum Thani","13.93250","100.74944","184316","619","12150","12"
"Sam Khok","สามโคก","Pathum Thani","14.06528","100.52250","48927","515","12160","12"
"Nong Suea","หนองเสือ","Pathum Thani","14.13500","100.82417","46565","112.6","12170","12"
"Phra Nakhon Si Ayutthaya","พระนครศรีอยุธยา","Ayutthaya","14.35222","100.57667","136467","1053.13","13000","13"
"Sena","เสนา","Ayutthaya","14.32722","100.40444","64436","313.4","13110","13"
"Phak Hai","ผักไห่","Ayutthaya","14.45833","100.37000","44436","235.1","13120","13"
"Tha Ruea","ท่าเรือ","Ayutthaya","14.55167","100.72750","48872","460.2","13130","13"
"Phachi","ภาชี","Ayutthaya","14.44917","100.72833","30481","291.7","13140","13"
"Maha Rat","มหาราช","Ayutthaya","14.53417","100.52694","23525","193.9","13150","13"
"Bang Pa-in","บางปะอิน","Ayutthaya","14.22750","100.57556","73630","321.4","13160","13"
"Wang Noi","วังน้อย","Ayutthaya","14.22667","100.71528","64130","259.3","13170","13"
"Uthai","อุทัย","Ayutthaya","14.36194","100.67028","39943","213.8","13210","13"
"Bang Pahan","บางปะหัน","Ayutthaya","14.46250","100.54472","38799","318.3","13220","13"
"Lat Bua Luang","ลาดบัวหลวง","Ayutthaya","14.16583","100.30750","36186","181.0","13230","13"
"Ban Phraek","บ้านแพรก","Ayutthaya","14.64778","100.58250","9250","236.6","13240","13"
"Bang Ban","บางบาล","Ayutthaya","14.37361","100.48556","34404","254.3","13250","13"
"Nakhon Luang","นครหลวง","Ayutthaya","14.46417","100.60556","35713","166.9","13260","13"
"Bang Sai","บางไท","Ayutthaya","14.212778","100.498333","19973","132.5","13270","13"
"Mueang Ang Thong","เมืองอ่างทอง","Ang Thong","14.58861","100.45333","55974","544.5","14000","14"
"Wiset Chai Chan","วิเศษชัยชาญ","Ang Thong","14.59444","100.33861","65298","290.6","14110","14"
"Pho Thong","โพธิ์ทอง","Ang Thong","14.66694","100.40806","53135","242.2","14120","14"
"Pa Mok","ป่าโมก","Ang Thong","14.49000","100.44806","28140","348.0","14130","14"
"Chaiyo","ไชโย","Ang Thong","14.64917","100.47861","22882","316.5","14140","14"
"Sawaeng Ha","แสวงหา","Ang Thong","14.75139","100.32472","34734","187.4","14150","14"
"Samko","สามโก้","Ang Thong","14.60556","100.24472","17589","202.4","14160","14"
"Mueang Lop Buri","เมืองลพบุรี","Lopburi","14.79806","100.65361","247842","438.2","15000","15"
"Ban Mi","บ้านหมี่","Lopburi","15.04472","100.53694","86064","146.9","15110","15"
"Khok Samrong","โคกสำโรง","Lopburi","15.06972","100.72389","86381","87.9","15120","15"
"Chai Badan","ชัยบาดาล","Lopburi","15.20611","101.13667","90224","70.7","15130","15"
"Tha Luang","ท่าหลวง","Lopburi","15.06833","101.10694","27996","52.0","15130","15"
"Phatthana Nikhom","พัฒนานิคม","Lopburi","14.85583","100.99000","61306","118.6","15140","15"
"Tha Wung","ท่าวุ้ง","Lopburi","14.81500","100.51167","50687","208.8","15150","15"
"Nong Muang","หนองม่วง","Lopburi","15.24722","100.65417","35257","79.1","15170","15"
"Lam Sonthi","ลำสนธิ","Lopburi","15.30167","101.36333","34480","77.1","15190","15"
"Sa Bot","สระโบสถ์","Lopburi","15.19528","100.84861","21279","698","15240","15"
"Khok Charoen","โคกเจริญ","Lopburi","15.38278","100.82250","24321","76.7","15250","15"
"Mueang Sing Buri","เมืองสิงห์บุรี","Singburi","14.88833","100.40472","58044","516.4","16000","16"
"In Buri","อินทร์บุรี","Singburi","15.00778","100.32694","57771","183.8","16110","16"
"Phrom Buri","พรหมบุรี","Singburi","14.79111","100.45361","24306","294.6","16120","16"
"Bang Rachan","บางระจัน","Singburi","14.89222","100.31722","37936","199.1","16130","16"
"Tha Chang","ท่าช้าง","Sing Buri","14.761667","100.39","16257","472","16140","16"
"Khai Bang Rachan","ค่ายบางระจัน","Singburi","14.80028","100.31083","28261","319.7","16150","16"
"Chai Nat","ชัยนาท","Chainat","15.187222","100.128333","14469","286.6","17000","17"
"Nong Mamong","หนองมะโมง","Chainat","15.27667","99.86667","19330","67.1","17100","17"
"Manorom","มโนรมย์","Chainat","15.30944","100.08389","33041","147.9","17110","17"
"Wat Sing","วัดสิงห์","Chainat","15.25528","100.03806","2632789","83.5","17120","17"
"Hankha","หันคา","Chainat","14.98111","100.01472","56394","106.5","17130","17"
"Noen Kham","เนินขาม","Chainat","14.96222","99.91167","17371","64.6","17130","17"
"Sankhaburi","สรรคบุรี","Chainat","15.04722","100.16167","67333","192.8","17140","17"
"Sapphaya","สรรพยา","Chainat","15.13750","100.24306","44553","195.2","17150","17"
"Chaloem Phra Kiat","เฉลิมพระเกียรติ","Saraburi","14.611389","100.908611","25616","170.1","18000","18"
"Mueang Saraburi","เมืองสระบุรี","Saraburi","14.52722","100.90972","106107","351.8","18000","18"
"Kaeng Khoi","แก่งคอย","Saraburi","14.58639","100.99778","88921","111.0","18110","18"
"Phra Phutthabat","พระพุทธบาท","Saraburi","14.72556","100.79528","70.354","245.1","18120","18"
"Ban Mo","บ้านหมอ","Saraburi","14.61556","100.72722","39489","194.0","18130","18"
"Nong Khae","หนองแค","Saraburi","14.33917","100.86167","88213","335.5","18140","18"
"Wihan Daeng","วิหารแดง","Saraburi","14.34639","100.98944","33883","165.7","18150","18"
"Sao Hai","เสาไห้","Saraburi","14.55028","100.85750","30292","270.9","18160","18"
"Nong Saeng","หนองแสง","Saraburi","14.492222","100.784444","14781","169.7","18170","18"
"Muak Lek","มวกเหล็ก","Saraburi","14.65556","101.19833","49572","72.8","18180","18"
"Nong Don","หนองโดน","Saraburi","14.68111","100.70833","13876","157.5","18190","18"
"Don Phut","ดอนพุด","Saraburi","14.59222","100.62833","6957","118.5","18210","18"
"Wang Muang","วังม่วง","Saraburi","14.84556","101.13444","17536","51.9","18220","18"
"Chon Buri","เมืองชลบุรี","Chonburi","13.361944","100.979167","245398","1072","20000","20"
"Si Racha","ศรีราชา","Chonburi","13.17444","100.93056","167896","272","20110","20"
"Ko Sichang","เกาะสีชัง","Chonburi","13.16333","100.80833","5038","291","20120","20"
"Phanat Nikhom","พนัสนิคม","Chonburi","13.45222","101.17722","116439","258.2","20140","20"
"Bang Lamung","บางละมุง","Chonburi","12.97667","100.91333","212568","1228.7","20150","20"
"Phan Thong","พานทอง","Chonburi","13.47056","101.09694","44859","259.3","20160","20"
"Ban Bueng","บ้านบึง","Chonburi","13.31139","101.11222","93401","144.5","20170","20"
"Sattahip","สัตหีบ","Chonburi","12.66306","100.90556","137599","412.7","20180","20"
"Nong Yai","หนองใหญ่","Chonburi","13.15667","101.36667","21984","55.3","20190","20"
"Ko Chan","เกาะจันทร์","Chonburi","13.41750","101.33444","34671","139.4","20240","20"
"Bo Thong","บ่อทอง","Chonburi","13.27861","101.44028","45547","58.3","20270","20"
"Mueang Rayong","เมืองระยอง","Rayong","12.66833","101.27500","229657","410.3","21000","21"
"Khao Chamao","เขาชะเมา","Rayong","12.97500","101.68500","22432","83.1","21110","21"
"Klaeng","แกลง","Rayong","12.77833","101.65333","126289","159.4","21110","21"
"Ban Khai","บ้านค่าย","Rayong","12.78361","101.29667","58914","120.3","21120","21"
"Ban Chang","บ้านฉาง","Rayong","12.72833","101.06639","49189","206.3","21130","21"
"Pluak Daeng","ปลวกแดง","Rayong","12.97222","101.21528","34878","146.9","21140","21"
"Nikhom Phatthana","นิคมพัฒนา","Rayong","12.83139","101.20806","32482","136.8","21180","21"
"Wang Chan","วังจันทร์","Rayong","12.93472","101.52028","24481","61.9","21210","21"
"Mueang Chanthaburi","เมืองจันทบุรี","Chanthaburi","12.61056","102.10417","119203","471.0","22000","22"
"Khlung","ขลุง","Chanthaburi","12.45472","102.22139","55044","72.8","22110","22"
"Tha Mai","ท่าใหม่","Chanthaburi","12.62083","102.01000","69403","112.1","22120","22"
"Laem Sing","แหลมสิงห์","Chanthaburi","12.48167","102.07361","30790","161.4","22130","22"
"Pong Nam Ron","โป่งน้ำร้อน","Chanthaburi","12.90583","102.26278","38115","41.1","22140","22"
"Makham","มะขาม","Chanthaburi","12.67361","102.19667","29479","61.4","22150","22"
"Kaeng Hang Maeo","แก่งหางแมว","Chanthaburi","13.00833","101.90500","36453","29.1","22160","22"
"Na Yai Am","นายายอาม","Chanthaburi","12.77000","101.85500","32108","107.0","22160","22"
"Soi Dao","สอยดาว","Chanthaburi","13.13722","102.21889","62340","85.0","22180","22"
"Khao Khitchakut","เขาคิชฌกูฏ","Chanthaburi","12.80444","102.11472","25940","31.2","22210","22"
"Ko Kut","เกาะกูด","Trat","11.65833","102.54222","2118","13.1","23000","23"
"Mueang Trat","เมืองตราด","Trat","12.23167","102.51333","89661","95.5","23000","23"
"Khlong Yai","คลองใหญ่","Trat","11.77667","102.88667","23981","477.7","23110","23"
"Laem Ngop","แหลมงอบ","Trat","12.17167","102.39333","17874","116.1","23120","23"
"Khao Saming","เขาสมิง","Trat","12.35333","102.43500","40499","59.6","23130","23"
"Bo Rai","บ่อไร่","Trat","12.57972","102.52500","39736","58.4","23140","23"
"Ko Chang","เกาะช้าง","Trat","12.10361","102.35194","5356","34.6","23170","23"
"Mueang Chachoengsao","เมืองฉะเชิงเทรา","Chachoengsao","13.68861","101.07083","141924","374.8","24000","24"
"Khlong Khuean","คลองเขื่อน","Chachoengsao","13.79139","101.16306","13490","105.9","24000","24"
"Bang Khla","บางคล้า","Chachoengsao","13.72806","101.20806","46539","204.2","24110","24"
"Phanom Sarakham","พนมสารคาม","Chachoengsao","13.74472","101.34722","79899","142.0","24120","24"
"Ratchasan","ราชสาส์น","Chachoengsao","13.78222","101.28167","12733","94.4","24120","24"
"Bang Pakong","บางปะกง","Chachoengsao","13.54278","100.99389","83040","360.9","24130","24"
"Ban Pho","บ้านโพธิ์","Chachoengsao","13.59972","101.07861","45477","209.0","24140","24"
"Bang Nam Priao","บางน้ำเปรี้ยว","Chachoengsao","13.84722","101.05333","83275","160.6","24150","24"
"Sanam Chai Khet","สนามชัยเขต","Chachoengsao","13.65833","101.43889","69281","41.6","24160","24"
"Tha Takiap","ท่าตะเกียบ","Chachoengsao","13.44472","101.61111","42742","40.5","24160","24"
"Plaeng Yao","แปลงยาว","Chachoengsao","13.58472","101.28417","36607","154.3","24190","24"
"Prachin Buri","ปราจีนบุรี","Prachinburi","14.050556","101.366667","106239","235.1","25000","25"
"Kabin Buri","กบินทร์บุรี","Prachinburi","13.94667","101.71333","134794","103.0","25110","25"
"Prachantakham","ประจันตคาม","Prachinburi","14.06472","101.51528","52570","58.2","25130","25"
"Si Maha Phot","ศรีมหาโพธิ","Prachinburi","13.98306","101.51306","58835","144.5","25140","25"
"Ban Sang","บ้านสร้าง","Prachinburi","13.99500","101.22139","30807","85.3","25150","25"
"Si Mahosot","ศรีมโหสถ","Prachinburi","13.88167","101.40667","18137","138.6","25190","25"
"Na Di","นาดี","Prachinburi","14.11000","101.78500","48239","41.3","25220","25"
"Mueang Nakhon Nayok","เมืองนครนายก","Nakhon Nayok","14.20361","101.21722","98725","135.6","26000","26"
"Ban Na","บ้านนา","Nakhon Nayok","14.26667","101.06139","67268","173.2","26110","26"
"Ongkharak","องครักษ์","Nakhon Nayok","14.12139","101.00389","58294","119.8","26120","26"
"Pak Phli","ปากพลี","Nakhon Nayok","14.16333","101.26861","24411","47.0","26130","26"
"Khao Chakan","เขาฉกรรจ์","Sa Kaeo","13.65167","102.09667","57016","73.7","27000","27"
"Mueang Sa Kaeo","เมืองสระแก้ว","Sa Kaeo","13.81472","102.07194","107092","58.0","27000","27"
"Aranyaprathet","อรัญประเทศ","Sa Kaeo","13.70083","102.51167","83171","101.3","27120","27"
"Khok Sung","โคกสูง","Sa Kaeo","13.83333","102.61500","25686","58.4","27120","27"
"Watthana Nakhon","วัฒนานคร","Sa Kaeo","13.74778","102.30750","79856","51.1","27160","27"
"Ta Phraya","ตาพระยา","Sa Kaeo","14.00611","102.80583","52284","81.4","27180","27"
"Wang Nam Yen","วังน้ำเย็น","Sa Kaeo","13.49972","102.18194","62059","190.9","27210","27"
"Wang Sombun","วังสมบูรณ์","Sa Kaeo","13.39694","102.19861","35334","92.1","27250","27"
"Khlong Hat","คลองหาด","Sa Kaeo","13.44889","102.29972","35360","84.8","27260","27"
"Phimai","พิมาย","Nakhon Ratchasima","15.22056","102.48583","130296","145.3","30110","30"
"Bua Lai","บัวลาย","Nakhon Ratchasima","15.66278","102.52722","25061","188.3","30120","30"
"Bua Yai","บัวใหญ่","Nakhon Ratchasima","15.58306","102.42306","86776","319.5","30120","30"
"Pak Chong","ปากช่อง","Nakhon Ratchasima","14.71250","101.42194","182588","100.0","30130","30"
"Sikhio","สีคิ้ว","Nakhon Ratchasima","14.89167","101.72333","121356","97.3","30140","30"
"Pak Thong Chai","ปักธงชัย","Nakhon Ratchasima","14.71972","102.02139","115244","83.9","30150","30"
"Non Sung","โนนสูง","Nakhon Ratchasima","15.18000","102.25694","130064","192.1","30160","30"
"Sung Noen","สูงเนิน","Nakhon Ratchasima","14.90000","101.82167","75990","97.1","30170","30"
"Prathai","ประทาย","Nakhon Ratchasima","15.53333","102.72278","77780","127.7","30180","30"
"Chok Chai","โชคชัย","Nakhon Ratchasima","14.73222","102.16306","78449","146.2","30190","30"
"Thepharak","เทพารักษ์","Nakhon Ratchasima","15.30944","101.55056","23279","65.1","30210","30"
"Non Thai","โนนไทย","Nakhon Ratchasima","15.19833","102.06944","74911","138.2","30220","30"
"Phra Thong Kham","พระทองคำ","Nakhon Ratchasima","15.30667","101.98167","44232","123.0","30220","30"
"Chakkarat","จักราช","Nakhon Ratchasima","15.01333","102.41333","66615","132.8","30230","30"
"Chaloem Phra Kiat","เฉลิมพระเกียรติ","Nakhon Ratchasima","15.005","102.271667","33151","130.5","30230","30"
"Huai Thalaeng","ห้วยแถลง","Nakhon Ratchasima","14.99833","102.63833","78581","158.7","30240","30"
"Khon Buri","ครบุรี","Nakhon Ratchasima","14.52333","102.24833","93808","52.2","30250","30"
"Khong","คง","Krung Thep Maha Nakhon","15.441389","102.328611","81484","179.2","30260","30"
"Chum Phuang","ชุมพวง","Nakhon Ratchasima","15.34889","102.74194","81440","150.7","30270","30"
"Lam Thamenchai","ลำทะเมนชัย","Nakhon Ratchasima","15.35333","102.91833","32211","104.4","30270","30"
"Mueang Yang","เมืองยาง","Nakhon Ratchasima","15.42333","102.90167","28501","111.5","30270","30"
"Kham Thale So","ขามทะเลสอ","Nakhon Ratchasima","14.96083","101.94750","28306","139.0","30280","30"
"Kham Sakaesaeng","ขามสะแกแสง","Nakhon Ratchasima","15.32944","102.17083","43365","145.5","30290","30"
"Soeng Sang","เสิงสาง","Nakhon Ratchasima","14.42611","102.46056","68387","53.6","30330","30"
"Ban Lueam","บ้านเหลื่อม","Nakhon Ratchasima","15.60917","102.12944","21480","101.3","30350","30"
"Non Daeng","โนนแดง","Nakhon Ratchasima","15.41083","102.54028","25468","136.5","30360","30"
"Wang Nam Khiao","วังน้ำเขียว","Nakhon Ratchasima","14.41833","101.85000","41485","36.7","30370","30"
"Nong Bun Mak","หนองบุญมาก","Nakhon Ratchasima","14.73972","102.36583","56287","100.0","30410","30"
"Sida","สีดา","Nakhon Ratchasima","15.54250","102.56583","24540","144.3","30430","30"
"Kaeng Sanam Nang","แก้งสนามนาง","Nakhon Ratchasima","15.75000","102.25472","37884","353.2","30440","30"
"Ban Dan","บ้านด่าน","Buriram","15.10722","103.17472","30548","123.4","31000","31"
"Buri Ram","บุรีรัมย์","Buriram","14.994167","103.102222","28283","4695.84","31000","31"
"Huai Rat","ห้วยราช","Buriram","14.96000","103.18833","35941","244.3","31000","31"
"Chaloem Phra Kiat","เฉลิมพระเกียรติ","Buriram","14.558333","102.925","39796","113.8","31110","31"
"Chamni","ชำนิ","Buriram","14.78833","102.84167","33646","138.4","31110","31"
"Nang Rong","นางรอง","Buriram","14.62833","102.79333","108143","151.6","31110","31"
"Non Suwan","โนนสุวรรณ","Buriram","14.57833","102.59833","23170","122.3","31110","31"
"Ban Mai Chaiyaphot","บ้านใหม่ไชยพจน์","Buriram","15.57278","102.83333","26988","151.6","31120","31"
"Phutthaisong","พุทไธสง","Buriram","15.54833","103.02500","46367","157.9","31120","31"
"Lam Plai Mat","ลำปลายมาศ","Buriram","15.02528","102.83861","132277","164.7","31130","31"
"Prakhon Chai","ประโคนชัย","Buriram","14.60667","103.12167","132141","147.3","31140","31"
"Khaen Dong","แคนดง","Buriram","15.31000","103.12333","31908","107.1","31150","31"
"Satuek","สตึก","Buriram","15.29750","103.29194","109221","136.0","31150","31"
"Krasang","กระสัง","Buriram","14.92167","103.30167","103043","157.9","31160","31"
"Lahan Sai","ละหานทราย","Buriram","14.41167","102.86000","70825","96.4","31170","31"
"Ban Kruat","บ้านกรวด","Buriram","14.42167","103.10000","72124","123.5","31180","31"
"Khu Mueang","คูเมือง","Buriram","15.27167","103.00167","66839","151.2","31190","31"
"Nong Ki","หนองกี่","Buriram","14.68806","102.53389","67658","175.7","31210","31"
"Pakham","ปะคำ","Buriram","14.43833","102.72556","43446","146.8","31220","31"
"Na Pho","นาโพธิ์","Buriram","15.64500","102.95167","33135","129.9","31230","31"
"Nong Hong","หนองหงส์","Buriram","14.85000","102.68833","48442","144.6","31240","31"
"Phlapphla Chai","พลับพลาชัย","Buriram","14.73000","103.16833","42773","122.3","31250","31"
"Non Din Daeng","โนนดินแดง","Buriram","14.31583","102.74361","26073","58.2","31260","31"
"Khwao Sinarin","เขวาสินรินทร์","Surin","15.00222","103.59639","35394","186.6","32000","32"
"Mueang Surin","เมืองสุรินทร์","Surin","14.88167","103.49333","257845","281.1","32000","32"
"Tha Tum","ท่าตูม","Surin","15.31833","103.67500","97390","151.4","32120","32"
"Non Narai","โนนนารายณ์","Surin","15.23833","103.91306","35394","177.7","32130","32"
"Rattanaburi","รัตนบุรี","Surin","15.32028","103.85694","94060","463.8","32130","32"
"Phanom Dong Rak","พนมดงรัก","Surin","14.44556","103.30444","35968","107.4","32140","32"
"Prasat","ปราสาท","Surin","14.64056","103.40472","153638","169.1","32140","32"
"Sangkha","สังขะ","Surin","14.63611","103.85278","126872","124.4","32150","32"
"Sikhoraphum","ศีขรภูมิ","Surin","14.94667","103.79167","138020","245.8","32150","32"
"Si Narong","ศรีณรงค์","Surin","14.76694","103.87472","46029","112.3","32150","32"
"Sanom","สนม","Surin","15.19889","103.76167","45268","223.0","32160","32"
"Samrong Thap","สำโรงทาบ","Surin","15.02250","103.93611","52459","139.8","32170","32"
"Chom Phra","จอมพระ","Surin","15.11750","103.61139","60568","192.9","32180","32"
"Chumphon Buri","ชุมพลบุรี","Surin","15.35083","103.38889","70391","135.4","32190","32"
"Kap Choeng","กาบเชิง","Surin","14.47472","103.59417","59589","103.8","32210","32"
"Lamduan","ลำดวน","Surin","14.72722","103.67583","30059","99.9","32220","32"
"Buachet","บัวเชด","Surin","14.52667","103.94500","37877","79.1","32230","32"
"Mueang Si Sa Ket","เมืองศรีสะเกษ","Sisaket","15.12056","104.32222","135512","233.9","33000","33"
"Benchalak","เบญจลักษ์","Sisaket","14.79500","104.67000","35807","108.1","33110","33"
"Kantharalak","กันทรลักษ์","Sisaket","14.64000","104.65000","209448","160.5","33110","33"
"Mueang Chan","เมืองจันทร์","Sisaket","15.19167","104.05333","17861","186.4","33120","33"
"Pho Si Suwan","โพธิ์ศรีสุวรรณ","Sisaket","15.23167","104.07667","23519","211.7","33120","33"
"Uthumphon Phisai","อุทุมพรพิสัย","Sisaket","15.11167","104.14000","109618","268.7","33120","33"
"Kanthararom","กันทรารมย์","Sisaket","15.10667","104.57000","100370","151.1","33130","33"
"Nam Kliang","น้ำเกลี้ยง","Sisaket","14.92722","104.51306","43339","168.1","33130","33"
"Khukhan","ขุขันธ์","Sisaket","14.71333","104.19833","148066","161.943","33140","33"
"Phu Sing","ภูสิงห์","Sisaket","14.54667","104.13167","50585","53.8","33140","33"
"Khun Han","ขุนหาญ","Sisaket","14.61722","104.42444","104015","143.8","33150","33"
"Rasi Salai","ราษีไศล","Sisaket","15.34028","104.15389","82333","163.1","33160","33"
"Sila Lat","ศิลาลาด","Sisaket","15.47333","104.07167","20857","158.2","33160","33"
"Prang Ku","ปรางค์กู่","Sisaket","14.85667","104.04000","68208","238.9","33170","33"
"Phrai Bueng","ไพรบึง","Sisaket","14.74833","104.36167","47725","191.82","33180","33"
"Yang Chum Noi","ยางชุมน้อย","Sisaket","15.26167","104.40111","36991","191.2","33180","33"
"Huai Thap Than","ห้วยทับทัน","Sisaket","15.05000","104.02333","41132","211.4","33210","33"
"Bueng Bun","บึงบูรพ์","Sisaket","15.33028","104.04500","10655","214.9","33220","33"
"Phayu","พยุห์","Sisaket","14.90333","104.39167","36325","161.1","33230","33"
"Si Rattana","ศรีรัตนะ","Sisaket","14.79333","104.46972","51933","219.4","33240","33"
"Non Khun","โนนคูน","Sisaket","14.92833","104.69000","37865","218.5","33250","33"
"Wang Hin","วังหิน","Sisaket","14.94833","104.23000","46888","197.3","33270","33"
"Don Mot Daeng","ดอนมดแดง","Ubon Ratchathani","15.37889","105.02722","26301","112.4","34000","34"
"Lao Suea Kok","เหล่าเสือโก้ก","Ubon Ratchathani","15.40667","104.92333","25767","90.7","34000","34"
"Mueang Ubon Ratchathani","เมืองอุบลราชธานี","Ubon Ratchathani","15.22889","104.85417","211855","521.3","34000","34"
"Phibun Mangsahan","พิบูลมังสาหาร","Ubon Ratchathani","15.24444","105.22889","127357","99.5","34110","34"
"Trakan Phuet Phon","ตระการพืชผล","Ubon Ratchathani","15.61222","105.02194","120587","91.7","34130","34"
"Muang Sam Sip","ม่วงสามสิบ","Ubon Ratchathani","15.51083","104.72639","82757","90.2","34140","34"
"Khueang Nai","เขื่องใน","Ubon Ratchathani","15.38944","104.55139","109453","141.6","34150","34"
"Det Udom","เดชอุดม","Ubon Ratchathani","14.90306","105.07639","169896","142.9","34160","34"
"Nam Yuen","น้ำยืน","Ubon Ratchathani","14.48917","105.00083","67641","79.2","34160","34"
"Na Yia","นาเยีย","Ubon Ratchathani","15.05944","105.06028","24970","110.0","34160","34"
"Thung Si Udom","ทุ่งศรีอุดม","Ubon Ratchathani","14.73333","104.91000","26986","87.9","34160","34"
"Khemarat","เขมราฐ","Ubon Ratchathani","16.04000","105.20667","77010","146.7","34170","34"
"Na Tan","นาตาล","Ubon Ratchathani","15.90500","105.27667","34735","181.0","34170","34"
"Sawang Wirawong","สว่างวีรวงศ์","Ubon Ratchathani","15.24139","105.09222","30170","110.0","34190","34"
"Warin Chamrap","วารินชำราบ","Ubon Ratchathani","15.20250","104.86750","156355","226.3","34190","34"
"Khong Chiam","โขงเจียม","Ubon Ratchathani","15.31889","105.49556","32693","32.7","34220","34"
"Buntharik","บุณฑริก","Ubon Ratchathani","14.75667","105.41139","88052","62.8","34230","34"
"Si Mueang Mai","ศรีเมืองใหม่","Ubon Ratchathani","15.49528","105.27861","65443","50.0","34250","34"
"Nam Khun","น้ำขุ่น","Ubon Ratchathani","14.58333","104.92500","30587","81.0","34260","34"
"Kut Khaopun","กุดข้าวปุ้น","Ubon Ratchathani","15.79167","104.99667","39824","124.5","34270","34"
"Na Chaluai","นาจะหลวย","Ubon Ratchathani","14.52139","105.24611","53774","85.1","34280","34"
"Tan Sum","ตาลสุม","Ubon Ratchathani","15.31556","105.15500","31164","62.1","34330","34"
"Pho Sai","โพธิ์ไทร","Ubon Ratchathani","15.82583","105.26083","42142","140.0","34340","34"
"Sirindhorn","สิรินธร","Ubon Ratchathani","15.20167","105.39833","48156","130.2","34350","34"
"Samrong","สำโรง","Ubon Ratchathani","15.00833","104.78222","51959","124.9","34360","34"
"Mueang Yasothon","เมืองยโสธร","Yasothon","15.79472","104.14056","129999","224.8","35000","35"
"Kham Khuean Kaeo","คำเขื่อนแก้ว","Yasothon","15.65306","104.30889","68606","109.85","35110","35"
"Loeng Nok Tha","เลิงนกทา","Yasothon","16.20778","104.55472","93750","99.4","35120","35"
"Thai Charoen","ไทยเจริญ","Yasothon","16.06306","104.44722","29842","109.7","35120","35"
"Maha Chana Chai","มหาชนะชัย","Yasothon","15.53250","104.24250","58670","128.9","35130","35"
"Kut Chum","กุดชุม","Yasothon","16.03333","104.33806","65959","121.25","35140","35"
"Pa Tio","ป่าติ้ว","Yasothon","15.83139","104.38556","35398","114.9","35150","35"
"Kho Wang","ค้อวัง","Yasothon","15.36778","104.35778","26424","176.16","35160","35"
"Sai Mun","ทรายมูล","Yasothon","15.93944","104.20889","31092","114.0","35170","35"
"Mueang Chaiyaphum","เมืองชัยภูมิ","Chaiyaphum","15.80694","102.03167","184921","158.1","36000","36"
"Phu Khiao","ภูเขียว","Chaiyaphum","16.37639","102.12861","120792","150.7","36110","36"
"Kaset Sombun","เกษตรสมบูรณ์","Chaiyaphum","16.28028","101.95389","110382","77.8","36120","36"
"Chatturat","จัตุรัส","Chaiyaphum","15.56556","101.84556","74548","102.0","36130","36"
"Noen Sa-nga","เนินสง่า","Chaiyaphum","15.56417","102.00167","24125","108.7","36130","36"
"Sap Yai","ซับใหญ่","Chaiyaphum","15.64167","101.63000","13466","78.8","36130","36"
"Khon Sawan","คอนสวรรค์","Chaiyaphum","15.93167","102.28111","54313","116.0","36140","36"
"Kaeng Khro","แก้งคร้อ","Chaiyaphum","16.10861","102.25806","87663","150.6","36150","36"
"Bamnet Narong","บำเหน็จณรงค์","Chaiyaphum","15.50028","101.68639","54750","97.7","36160","36"
"Ban Khwao","บ้านเขว้า","Chaiyaphum","15.77833","101.90694","51277","94.2","36170","36"
"Khon San","คอนสาร","Chaiyaphum","16.61333","101.91972","58867","60.9","36180","36"
"Ban Thaen","บ้านแท่น","Chaiyaphum","16.40500","102.34194","43992","142.5","36190","36"
"Nong Bua Daeng","หนองบัวแดง","Chaiyaphum","16.08167","101.80333","92766","41.9","36210","36"
"Dan Khun Thot","ด่านขุนทด","Nakhon Ratchasima","15.20972","101.76583","126253","88.4","36220","36"
"Thep Sathit","เทพสถิต","Chaiyaphum","15.39167","101.45000","65735","75.1","36230","36"
"Nong Bua Rawe","หนองบัวระเหว","Chaiyaphum","15.74861","101.75944","36371","43.2","36250","36"
"Phakdi Chumphon","ภักดีชุมพล","Chaiyaphum","15.90500","101.42167","28111","31.2","36260","36"
"Mueang Amnat Charoen","เมืองอำนาจเจริญ","Amnat Charoen","15.85833","104.62944","128992","216.2","37000","37"
"Lue Amnat","ลืออำนาจ","Amnat Charoen","15.70167","104.64500","36878","192.3","37000","37"
"Pathum Ratchawongsa","ปทุมราชวงศา","Amnat Charoen","15.89222","104.90583","46100","88.5","37110","37"
"Phana","พนา","Amnat Charoen","15.68333","104.84667","28001","216.2","37180","37"
"Chanuman","ชานุมาน","Amnat Charoen","16.23333","105.00000","37677","67.8","37210","37"
"Hua Taphan","หัวตะพาน","Amnat Charoen","15.69667","104.49167","50524","94.8","37240","37"
"Senangkhanikhom","เสนางคนิคม","Amnat Charoen","16.03833","104.67000","40188","76.4","37290","37"
"Bueng Kan","เมืองบึงกาฬ","Bueng Kan","18.35806","103.65306","89978","105.5","38000","38"
"Bung Khla","บุ่งคล้า","Bueng Kan","18.30167","103.97333","13037","52.0","38000","38"
"Seka","เซกา","Bueng Kan","17.92833","103.95333","83137","82.3","38150","38"
"So Phisai","โซ่พิสัย","Bueng Kan","18.07833","103.44333","69450","68.6","38170","38"
"Phon Charoen","พรเจริญ","Bueng Kan","18.03167","103.70833","42109","113.0","38180","38"
"Pak Khat","ปากคาด","Bueng Kan","18.29833","103.30667","33973","151.5","38190","38"
"Bueng Khong Long","บึงโขงหลง","Bueng Kan","17.96667","104.04500","35808","87.2","38220","38"
"Nong Bua Lam Phu","หนองบัวลำภู","Nongbua Lamphu","17.204167","102.444444","130092","143.3","39000","39"
"Non Sang","โนนสัง","Nongbua Lamphu","16.86556","102.57222","64172","111.1","39140","39"
"Na Klang","นากลาง","Nongbua Lamphu","17.30722","102.18861","90996","159.4","39170","39"
"Si Bun Rueang","ศรีบุญเรือง","Nongbua Lamphu","16.96583","102.28000","107804","129.8","39180","39"
"Suwannakhuha","สุวรรณคูหา","Nongbua Lamphu","17.56333","102.27972","66277","102.6","39270","39"
"Mueang Khon Kaen","เมืองขอนแก่น","Khon Kaen","16.43833","102.83889","382156","391.5","40000","40"
"Ban Haet","บ้านแฮด","Khon Kaen","16.20250","102.75083","32135","156.6","40110","40"
"Ban Phai","บ้านไผ่","Khon Kaen","16.06000","102.73083","101031","211.5","40110","40"
"Non Sila","โนนศิลา","Khon Kaen","15.97389","102.66917","25987","142.3","40110","40"
"Phon","พล","Khon Kaen","15.81583","102.59861","86911","99.6","40120","40"
"Chum Phae","ชุมแพ","Khon Kaen","16.54417","102.09972","122091","239.0","40130","40"
"Nam Phong","น้ำพอง","Khon Kaen","16.70194","102.85667","112414","136.8","40140","40"
"Wiang Kao","เวียงเก่า","Khon Kaen","16.67861","102.29444","19750","69.1","40140","40"
"Nong Na Kham","หนองนาคำ","Khon Kaen","16.80083","102.34111","23402","147.3","40150","40"
"Phu Wiang","ภูเวียง","Khon Kaen","16.65444","102.37694","71597","115.1","40150","40"
"Khok Pho Chai","โคกโพธิ์ไชย","Khon Kaen","16.08361","102.39889","25483","106.7","40160","40"
"Mancha Khiri","มัญจาคีรี","Khon Kaen","16.12667","102.54222","72244","98.2","40160","40"
"Kranuan","กระนวน","Khon Kaen","16.70611","103.07889","77531","240.8","40170","40"
"Sam Sung","ซำสูง","Khon Kaen","16.54306","103.07972","23672","202.8","40170","40"
"Chonnabot","ชนบท","Khon Kaen","16.08833","102.62167","48756","120.6","40180","40"
"Nong Song Hong","หนองสองห้อง","Khon Kaen","15.73361","102.79556","78610","152.8","40190","40"
"Nong Ruea","หนองเรือ","Khon Kaen","16.49333","102.43333","91956","136.5","40210","40"
"Si Chomphu","สีชมพู","Khon Kaen","16.80028","102.18778","78220","147.9","40220","40"
"Waeng Noi","แวงน้อย","Khon Kaen","15.80361","102.41583","42408","149.5","40230","40"
"Ubolratana","อุบลรัตน์","Khon Kaen","16.75278","102.63278","43362","88.9","40250","40"
"Ban Fang","บ้านฝาง","Khon Kaen","16.45333","102.63833","52999","158.7","40270","40"
"Khao Suan Kwang","เขาสวนกวาง","Khon Kaen","16.85861","102.86167","37169","122.7","40280","40"
"Phra Yuen","พระยืน","Khon Kaen","16.32389","102.64861","34064","198.0","40320","40"
"Waeng Yai","แวงใหญ่","Khon Kaen","15.95944","102.54778","29424","155.6","40330","40"
"Pueai Noi","เปือยน้อย","Khon Kaen","15.87139","102.90556","19917","114.1","40340","40"
"Phu Pha Man","ภูผาม่าน","Khon Kaen","16.64500","101.90389","22229","78.1","40350","40"
"Mueang Udon Thani","เมืองอุดรธานี","Udon Thani","17.41500","102.78667","397049","358.5","41000","41"
"Kumphawapi","กุมภวาปี","Udon Thani","17.11389","103.01861","125193","187.6","41110","41"
"Prachaksinlapakhom","ประจักษ์ศิลปาคม","Udon Thani","17.27278","102.99417","24693","215.1","41110","41"
"Ku Kaeo","กู่แก้ว","Udon Thani","17.17222","103.15306","21962","121.2","41130","41"
"Nong Han","หนองหาน","Udon Thani","17.36056","103.10556","114982","162.4","41130","41"
"Phibun Rak","พิบูลย์รักษ์","Udon Thani","17.54917","103.05750","24185","129.7","41130","41"
"Phen","เพ็ญ","Udon Thani","17.69528","102.90722","110190","121.3","41150","41"
"Ban Dung","บ้านดุง","Udon Thani","17.70111","103.25972","123227","133.2","41190","41"
"Ban Phue","บ้านผือ","Udon Thani","17.68750","102.47278","107965","108.2","41190","41"
"Nam Som","น้ำโสม","Udon Thani","17.77056","102.18972","55622","74.9","41210","41"
"Nong Wua So","หนองวัวซอ","Udon Thani","17.16250","102.57278","61658","87.7","41220","41"
"Si That","ศรีธาตุ","Udon Thani","16.97278","103.21667","47888","93.4","41230","41"
"Non Sa-at","โนนสะอาด","Udon Thani","16.97833","102.89333","48459","114.0","41240","41"
"Kut Chap","กุดจับ","Udon Thani","17.42556","102.56667","62301","79.4","41250","41"
"Sang Khom","สร้างคอม","Udon Thani","17.82556","103.08861","28441","99.0","41260","41"
"Wang Sam Mo","วังสามหมอ","Udon Thani","16.94972","103.42861","55730","76.6","41280","41"
"Chai Wan","ไชยวาน","Udon Thani","17.28667","103.22333","38209","117.2","41290","41"
"Thung Fon","ทุ่งฝน","Udon Thani","17.47167","103.26000","31029","136.2","41310","41"
"Nong Saeng","หนองแสง","Udon Thani","17.1675","102.780556","25802","39.1","41340","41"
"Na Yung","นายูง","Udon Thani","17.89667","102.15000","25701","49.0","41380","41"
"Mueang Loei","เมืองเลย","Loei","17.48500","101.73000","117039","79.1","42000","42"
"Chiang Khan","เชียงคาน","Loei","17.89806","101.66639","59016","68.1","42110","42"
"Dan Sai","ด่านซ้าย","Loei","17.28000","101.14667","49270","28.4","42120","42"
"Wang Saphung","วังสะพุง","Loei","17.30167","101.76833","109424","94.6","42130","42"
"Tha Li","ท่าลี่","Loei","17.62444","101.42139","27117","39.7","42140","42"
"Pak Chom","ปากชม","Loei","18.02167","101.88833","37934","39.6","42150","42"
"Phu Ruea","ภูเรือ","Loei","17.45500","101.36333","21182","23.5","42160","42"
"Na Haeo","นาแห้ว","Loei","17.48500","101.07000","11011","17.5","42170","42"
"Na Wang","นาวัง","Nongbua Lamphu","17.32278","102.07250","37316","114.3","42170","42"
"Phu Kradueng","ภูกระดึง","Loei","16.88417","101.88444","33438","47.2","42180","42"
"Nong Hin","หนองหิน","Loei","17.12333","101.85833","23255","53.5","42190","42"
"Na Duang","นาด้วง","Loei","17.47917","101.97056","25232","42.8","42210","42"
"Erawan","เอราวัณ","Loei","17.31000","101.94000","37079","141.5","42220","42"
"Phu Luang","ภูหลวง","Loei","17.14000","101.66500","23069","38.8","42230","42"
"Pha Khao","ผาขาว","Loei","17.06667","102.02667","40047","86.5","42240","42"
"Mueang Nong Khai","เมืองหนองคาย","Nong Khai","17.88000","102.74167","145153","235.1","43000","43"
"Tha Bo","ท่าบ่อ","Nong Khai","17.84972","102.58111","84708","238.4","43110","43"
"Fao Rai","เฝ้าไร่","Nong Khai","18.01889","103.30389","50481","197.3","43120","43"
"Phon Phisai","โพนพิสัย","Nong Khai","18.02194","103.07722","96580","149.1","43120","43"
"Rattanawapi","รัตนวาปี","Nong Khai","18.22000","103.18000","36920","181.0","43120","43"
"Pho Tak","โพธิ์ตาก","Nong Khai","17.87667","102.41000","14886","145.2","43130","43"
"Si Chiang Mai","ศรีเชียงใหม่","Nong Khai","17.95639","102.58944","31132","157.2","43130","43"
"Sakhrai","สระใคร","Nong Khai","17.67500","102.75056","25247","119.7","43150","43"
"Sangkhom","สังคม","Nong Khai","18.06417","102.27333","22998","51.1","43160","43"
"Si Wilai","ศรีวิไล","Bueng Kan","18.17667","103.75000","38899","151.5","43210","43"
"Mueang Maha Sarakham","เมืองมหาสารคาม","Maha Sarakham","16.18417","103.30111","142325","255.7","44000","44"
"Phayakkhaphum Phisai","พยัคฆภูมิพิสัย","Maha Sarakham","15.51639","103.19361","88124","214.5","44110","44"
"Borabue","บรบือ","Maha Sarakham","16.03833","103.11917","108256","158.8","44130","44"
"Kut Rang","กุดรัง","Maha Sarakham","16.05167","102.99333","36144","135.4","44130","44"
"Kosum Phisai","โกสุมพิสัย","Maha Sarakham","16.24861","103.06694","119138","143.9","44140","44"
"Kantharawichai","กันทรวิชัย","Maha Sarakham","16.32278","103.29667","80250","215.6","44150","44"
"Chiang Yuen","เชียงยืน","Maha Sarakham","16.40806","103.10528","61704","214.5","44160","44"
"Chuen Chom","ชื่นชม","Maha Sarakham","16.53139","103.17167","24586","217.6","44160","44"
"Wapi Pathum","วาปีปทุม","Maha Sarakham","15.84667","103.38000","114020","188.1","44160","44"
"Na Chueak","นาเชือก","Maha Sarakham","15.80000","103.03167","60856","115.2","44170","44"
"Na Dun","นาดูน","Maha Sarakham","15.71389","103.22694","36485","146.9","44180","44"
"Kae Dam","แกดำ","Maha Sarakham","16.02500","103.38500","29218","195.4","44190","44"
"Yang Sisurat","ยางสีสุราช","Maha Sarakham","15.69000","103.10333","35482","146.3","44210","44"
"Changhan","จังหาร","Roi Et","16.13833","103.61500","47832","47.4","45000","45"
"Chiang Khwan","เชียงขวัญ","Roi Et","16.16556","103.75194","27859","219.0","45000","45"
"Mueang Roi Et","เมืองร้อยเอ็ด","Roi Et","16.05333","103.65333","153567","311.1","45000","45"
"Si Somdet","ศรีสมเด็จ","Roi Et","15.98722","103.51083","37161","170.9","45000","45"
"Phon Thong","โพนทอง","Roi Et","16.30000","103.97806","108348","150.7","45110","45"
"Selaphum","เสลภูมิ","Roi Et","16.03333","103.93389","122100","154.1","45120","45"
"Suwannaphum","สุวรรณภูมิ","Roi Et","15.60917","103.80028","116917","105.6","45130","45"
"Nong Hi","หนองฮี","Roi Et","15.61028","103.99056","25696","5.14","45140","45"
"Phanom Phrai","พนมไพร","Roi Et","15.67833","104.11000","75140","144.7","45140","45"
"Kaset Wisai","เกษตรวิสัย","Roi Et","15.65611","103.58000","99024","170.7","45150","45"
"At Samat","อาจสามารถ","Roi Et","15.84361","103.87889","74711","164.4","45160","45"
"Thawat Buri","ธวัชบุรี","Roi Et","16.03861","103.74694","68431","183.0","45170","45"
"Thung Khao Luang","ทุ่งเขาหลวง","Roi Et","15.99222","103.85917","24260","174.7","45170","45"
"Chaturaphak Phiman","จตุรพักตรพิมาน","Roi Et","15.84611","103.55694","81749","148.9","45180","45"
"Pathum Rat","ปทุมรัตต์","Roi Et","15.63500","103.34333","52744","147.8","45190","45"
"Nong Phok","หนองพอก","Roi Et","16.30972","104.20306","64646","107.8","45210","45"
"Mueang Suang","เมืองสรวง","Roi Et","15.82361","103.71778","23751","113.4","45220","45"
"Pho Chai","โพธิ์ชัย","Roi Et","16.32361","103.76917","56917","144.3","45230","45"
"Phon Sai","โพนทราย","Roi Et","15.48778","103.99639","27420","127.0","45240","45"
"Moei Wadi","เมยวดี","Roi Et","16.38917","104.15750","22463","124.4","45250","45"
"Don Chan","ดอนจาน","Kalasin","16.45833","103.69500","25164","106.4","46000","46"
"Mueang Kalasin","เมืองกาฬสินธุ์","Kalasin","16.43250","103.50611","145579","224.0","46000","46"
"Kuchinarai","กุฉินารายณ์","Kalasin","16.53833","104.05500","101184","136.3","46110","46"
"Yang Talat","ยางตลาด","Kalasin","16.40222","103.37306","129022","207.2","46120","46"
"Kamalasai","กมลาไสย","Kalasin","16.33889","103.57528","69535","213.8","46130","46"
"Khong Chai","ฆ้องชัย","Kalasin","16.26167","103.45833","27098","211.2","46130","46"
"Sahatsakhan","สหัสขันธ์","Kalasin","16.71333","103.52000","41536","131.3","46140","46"
"Somdet","สมเด็จ","Kalasin","16.70444","103.75000","61380","135.2","46150","46"
"Khao Wong","เขาวง","Kalasin","16.70000","104.09000","35130","171.3","46160","46"
"Na Khu","นาคู","Kalasin","16.78000","104.03167","31510","211.2","46160","46"
"Huai Phueng","ห้วยผึ้ง","Kalasin","16.64583","103.90889","30343","118.1","46170","46"
"Kham Muang","คำม่วง","Kalasin","16.92333","103.63167","47412","76.3","46180","46"
"Sam Chai","สามชัย","Kalasin","16.86333","103.53833","25222","45.8","46180","46"
"Tha Khantho","ท่าคันโท","Kalasin","16.94000","103.24444","37293","94.7","46190","46"
"Rong Kham","ร่องคำ","Kalasin","16.26667","103.74056","16444","200.3","46210","46"
"Nong Kung Si","หนองกุงศรี","Kalasin","16.65583","103.29389","65521","104.5","46220","46"
"Na Mon","นามน","Kalasin","16.57528","103.78667","35234","132.6","46230","46"
"Huai Mek","ห้วยเม็ก","Kalasin","16.59000","103.23556","49716","170.8","46240","46"
"Mueang Sakon Nakhon","เมืองสกลนคร","Sakon Nakhon","17.15556","104.13389","188898","184.6","47000","47"
"Sawang Daen Din","สว่างแดนดิน","Sakon Nakhon","17.47500","103.45833","146897","151.4","47110","47"
"Wanon Niwat","วานรนิวาส","Sakon Nakhon","17.63222","103.75194","121097","119.4","47120","47"
"Phanna Nikhom","พรรณนานิคม","Sakon Nakhon","17.35167","103.84667","79507","118.0","47130","47"
"Ban Muang","บ้านม่วง","Sakon Nakhon","17.85111","103.57000","67196","79.1","47140","47"
"Waritchaphum","วาริชภูมิ","Sakon Nakhon","17.29333","103.63667","51067","107.3","47150","47"
"Phang Khon","พังโคน","Sakon Nakhon","17.39250","103.70944","52031","135.6","47160","47"
"Akat Amnuai","อากาศอำนวย","Sakon Nakhon","17.59667","103.97500","67328","115.1","47170","47"
"Kut Bak","กุดบาก","Sakon Nakhon","17.08722","103.82250","31833","70.0","47180","47"
"Phu Phan","ภูพาน","Sakon Nakhon","17.00000","103.96556","36050","64.5","47180","47"
"Song Dao","ส่องดาว","Sakon Nakhon","17.33500","103.46333","32439","102.1","47190","47"
"Kusuman","กุสุมาลย์","Sakon Nakhon","17.33167","104.33333","45014","99.1","47210","47"
"Phon Na Kaeo","โพนนาแก้ว","Sakon Nakhon","17.22111","104.29000","35579","101.1","47230","47"
"Kham Ta Kla","คำตากล้า","Sakon Nakhon","17.84944","103.75500","37902","94.3","47250","47"
"Tao Ngoi","เต่างอย","Sakon Nakhon","16.99667","104.16750","23043","159.0","47260","47"
"Nikhom Nam Un","นิคมน้ำอูน","Sakon Nakhon","17.18306","103.71861","13696","84.5","47270","47"
"Khok Si Suphan","โคกศรีสุพรรณ","Sakon Nakhon","17.04361","104.27333","33717","159.0","47280","47"
"Charoen Sin","เจริญศิลป์","Sakon Nakhon","17.59667","103.56556","42375","105.7","47290","47"
"Mueang Nakhon Phanom","เมืองนครพนม","Nakhon Phanom","17.36722","104.76056","141997","122.7","48000","48"
"That Phanom","ธาตุพนม","Nakhon Phanom","16.93639","104.70944","83478","228.3","48110","48"
"Tha Uthen","ท่าอุเทน","Nakhon Phanom","17.55694","104.61250","57926","122.7","48120","48"
"Na Kae","นาแก","Nakhon Phanom","16.94667","104.50083","75365","141.6","48130","48"
"Wang Yang","วังยาง","Nakhon Phanom","17.05611","104.45528","14440","104.7","48130","48"
"Ban Phaeng","บ้านแพง","Nakhon Phanom","17.96806","104.21583","34232","118.7","48140","48"
"Na Thom","นาทม","Nakhon Phanom","17.78528","104.09056","21930","55.1","48140","48"
"Si Songkhram","ศรีสงคราม","Nakhon Phanom","17.62722","104.25056","65952","98.2","48150","48"
"Pla Pak","ปลาปาก","Nakhon Phanom","17.18056","104.52611","50955","93.1","48160","48"
"Renu Nakhon","เรณูนคร","Nakhon Phanom","17.05611","104.67972","45264","178.2","48170","48"
"Na Wa","นาหว้า","Nakhon Phanom","17.48944","104.10139","44661","85.4","48180","48"
"Phon Sawan","โพนสวรรค์","Nakhon Phanom","17.45639","104.46861","54352","75.6","48190","48"
"Mueang Mukdahan","เมืองมุกดาหาร","Mukdahan","16.53806","104.71472","129351","103.6","49000","49"
"Khamcha-i","คำชะอี","Mukdahan","16.57722","104.41917","46987","72.8","49110","49"
"Don Tan","ดอนตาล","Mukdahan","16.31667","104.92000","42215","81.3","49120","49"
"Nikhom Kham Soi","นิคมคำสร้อย","Mukdahan","16.371667","104.550556","42225","111.9","49130","49"
"Dong Luang","ดงหลวง","Mukdahan","16.81528","104.53778","35808","33.3","49140","49"
"Wan Yai","หว้านใหญ่","Mukdahan","16.72750","104.73889","18683","221.2","49150","49"
"Nong Sung","หนองสูง","Mukdahan","16.48667","104.34444","20874","50.9","49160","49"
"Mueang Chiang Mai","เมืองเชียงใหม่","Chiang Mai","18.79028","98.98444","242974","1594.3","50000","50"
"Fang","ฝาง","Chiang Mai","19.91889","99.21361","121033","136.3","50110","50"
"San Pa Tong","สันป่าตอง","Chiang Mai","18.62861","98.89556","75600","431.2","50120","50"
"Mae On","แม่ออน","Chiang Mai","18.77639","99.24806","21652","49.0","50130","50"
"San Kamphaeng","สันกำแพง","Chiang Mai","18.74528","99.12028","73721","372.6","50130","50"
"Saraphi","สารภี","Chiang Mai","18.71333","99.03639","74782","767.4","50140","50"
"Mae Taeng","แม่แตง","Chiang Mai","19.12194","98.94361","82094","60.2","50150","50"
"Chom Thong","จอมทอง","Chiang Mai","18.417222","98.675833","76376","107.2","50160","50"
"Doi Lo","ดอยหล่อ","Chiang Mai","18.47444","98.78361","27623","106.2","50160","50"
"Chiang Dao","เชียงดาว","Chiang Mai","19.36611","98.96417","87922","46.7","50170","50"
"Mae Rim","แม่ริม","Chiang Mai","18.91389","98.94500","82943","187.0","50180","50"
"Phrao","พร้าว","Chiang Mai","19.36583","99.20222","52222","45.5","50190","50"
"San Sai","สันทราย","Chiang Mai","18.84861","99.04500","105771","371.1","50210","50"
"Doi Saket","ดอยสะเก็ด","Chiang Mai","18.87028","99.13667","64116","95.5","50220","50"
"Hang Dong","หางดง","Chiang Mai","18.68694","98.91889","67570","243.8","50230","50"
"Hot","ฮอด","Chiang Mai","18.19278","98.61111","48287","33.8","50240","50"
"Samoeng","สะเมิง","Chiang Mai","18.84806","98.73250","23236","25.9","50250","50"
"Doi Tao","ดอยเต่า","Chiang Mai","17.95361","98.68500","27284","33.9","50260","50"
"Galyani Vadhana","กัลยาณิวัฒนา","Chiang Mai","19.06694","98.29444","10593","16.4","50270","50"
"Mae Chaem","แม่แจ่ม","Chiang Mai","18.49889","98.36194","57214","21.1","50270","50"
"Mae Ai","แม่อาย","Chiang Mai","20.03139","99.28694","77295","104.9","50280","50"
"Omkoi","อมก๋อย","Chiang Mai","17.80111","98.35861","54568","26.1","50310","50"
"Chai Prakan","ไชยปราการ","Chiang Mai","19.73222","99.14028","47898","93.8","50320","50"
"Wiang Haeng","เวียงแหง","Chiang Mai","19.55944","98.63556","28876","93.8","50350","50"
"Mueang Lamphun","เมืองลำพูน","Lamphun","18.57806","99.01778","140486","292.8","51000","51"
"Li","ลี้","Lamphun","17.80333","98.95000","67240","39.5","51110","51"
"Pa Sang","ป่าซาง","Lamphun","18.52583","98.93917","58641","195.5","51120","51"
"Wiang Nong Long","เวียงหนองล่อง","Lamphun","18.39333","98.71833","18628","377.8","51120","51"
"Ban Hong","บ้านโฮ่ง","Lamphun","18.33111","98.81889","42697","71.5","51130","51"
"Mae Tha","แม่ทา","Lamphun","18.461944","99.134722","40361","52.9","51140","51"
"Thung Hua Chang","ทุ่งหัวช้าง","Lamphun","18.00306","99.02778","19067","39.2","51160","51"
"Ban Thi","บ้านธิ","Lamphun","18.65167","99.12500","17607","136.5","51180","51"
"Mueang Lampang","เมืองลำปาง","Lampang","18.29194","99.50444","235092","205.2","52000","52"
"Ngao","งาว","Lampang","18.77667","99.97000","58813","32.4","52110","52"
"Chae Hom","แจ้ห่ม","Lampang","18.71278","99.55750","42457","31.2","52120","52"
"Ko Kha","เกาะคา","Lampang","18.19167","99.39556","63870","115.9","52130","52"
"Soem Ngam","เสริมงาม","Lampang","18.06528","99.24722","32714","51.8","52130","52"
"Wang Nuea","วังเหนือ","Lampang","19.14500","99.62000","44777","43.4","52140","52"
"Mae Tha","แม่ทา","Lampang","18.135","99.513333","63032","77.8","52150","52"
"Thoen","เถิน","Lampang","17.61167","99.21583","61694","38.4","52160","52"
"Sop Prap","สบปราบ","Lampang","17.88083","99.33722","28515","56.8","52170","52"
"Mae Phrik","แม่พริก","Lampang","17.44833","99.11500","17149","31.8","52180","52"
"Hang Chat","ห้างฉัตร","Lampang","18.32194","99.31778","51495","75.2","52190","52"
"Mae Mo","แม่เมาะ","Lampang","18.27500","99.65000","38768","40.4","52220","52"
"Mueang Pan","เมืองปาน","Lampang","18.77056","99.49833","34494","39.9","52240","52"
"Mueang Uttaradit","เมืองอุตรดิตถ์","Uttaradit","17.62583","100.09667","151108","200.6","53000","53"
"Phichai","พิชัย","Uttaradit","17.28694","100.08750","77536","105.2","53120","53"
"Laplae","ลับแล","Uttaradit","17.65139","100.03917","57559","128.3","53130","53"
"Tron","ตรอน","Uttaradit","17.48222","100.11306","35036","113.6","53140","53"
"Nam Pat","น้ำปาด","Uttaradit","17.72833","100.68444","30037","22.8","53150","53"
"Tha Pla","ท่าปลา","Uttaradit","17.79306","100.37722","48902","29.1","53150","53"
"Fak Tha","ฟากท่า","Uttaradit","17.99222","100.87861","15128","24.2","53160","53"
"Ban Khok","บ้านโคก","Uttaradit","18.02500","101.07000","14395","13.5","53180","53"
"Thong Saen Khan","ทองแสนขัน","Uttaradit","17.47528","100.33361","33042","44.3","53230","53"
"Mueang Phrae","เมืองแพร่","Phrae","18.14556","100.14139","123811","163.7","54000","54"
"Song","สอง","Phrae","18.47000","100.18333","53687","33.0","54120","54"
"Sung Men","สูงเม่น","Phrae","18.05194","100.11167","80129","213.7","54130","54"
"Den Chai","เด่นชัย","Phrae","17.97861","100.05861","37440","141.0","54140","54"
"Rong Kwang","ร้องกวาง","Phrae","18.33972","100.31750","51016","81.4","54140","54"
"Long","ลอง","Phrae","18.075556","99.8325","57940","40","54150","54"
"Wang Chin","วังชิ้น","Phrae","17.90000","99.60333","47720","39.2","54160","54"
"Nong Muang Khai","หนองม่วงไข่","Phrae","18.26472","100.19000","19302","87.33","54170","54"
"Bo Kluea","บ่อเกลือ","Nan","19.14889","101.15750","14326","17","55000","55"
"Mueang Nan","เมืองน่าน","Nan","18.79361","100.72944","81481","100","55000","55"
"Phu Phiang","ภูเพียง","Nan","18.74278","100.79917","35535","70","55000","55"
"Santi Suk","สันติสุข","Nan","18.91333","100.94139","15695","38","55000","55"
"Wiang Sa","เวียงสระ","Nan","18.598333","100.74","70357","37","55110","55"
"Pua","ปัว","Nan","19.17417","100.91667","64263","98","55120","55"
"Chaloem Phra Kiat","เฉลิมพระเกียรติ","Nan","19.579167","101.081111","9347","18","55130","55"
"Thung Chang","ทุ่งช้าง","Nan","19.38722","100.87583","18296","24","55130","55"
"Tha Wang Pha","ท่าวังผา","Nan","19.11972","100.80972","51518","73","55140","55"
"Na Noi","นาน้อย","Nan","18.32500","100.71500","32560","23","55150","55"
"Chiang Klang","เชียงกลาง","Nan","19.29167","100.86167","28234","100","55160","55"
"Song Khwae","สองแคว","Nan","19.35972","100.70083","11765","22","55160","55"
"Mae Charim","แม่จริม","Nan","18.70333","101.00500","15553","16","55170","55"
"Na Muen","นาหมื่น","Nan","18.18944","100.65889","14817","19","55180","55"
"Ban Luang","บ้านหลวง","Nan","18.85139","100.43833","12063","36","55190","55"
"Mueang Phayao","เมืองพะเยา","Phayao","19.19194","99.87861","125818","143.8","56000","56"
"Phu Kamyao","ภูกามยาว","Phayao","19.27167","99.97000","22659","106.0","56000","56"
"Phu Sang","ภูซาง","Phayao","19.59917","100.32417","31407","107.0","56110","56"
"Dok Khamtai","ดอกคำใต้","Phayao","19.16250","99.99333","73205","88.9","56120","56"
"Mae Chai","แม่ใจ","Phayao","19.34500","99.81500","36089","120.0","56130","56"
"Pong","ปง","Phayao","19.14833","100.27500","53212","29.8","56140","56"
"Chun","จุน","Phayao","19.33722","100.13500","52066","91.2","56150","56"
"Chiang Kham","เชียงคำ","Phayao","19.52333","100.30167","77211","98.5","56160","56"
"Chiang Muan","เชียงม่วน","Phayao","18.88667","100.30333","19122","26.5","56160","56"
"Mueang Chiang Rai","เมืองเชียงราย","Chiang Rai","19.90861","99.83250","227142","186.8","57000","57"
"Doi Luang","ดอยหลวง","Chiang Rai","20.11833","100.10000","19356","86.8","57110","57"
"Mae Chan","แม่จัน","Chiang Rai","20.14667","99.85333","102586","129.7","57110","57"
"Mae Fa Luang","แม่ฟ้าหลวง","Chiang Rai","20.26722","99.80139","76613","119.4","57110","57"
"Mae Wang","แม่วาง","Chiang Mai","18.61250","98.77500","30871","51.3","57110","57"
"Phan","พาน","Chiang Rai","19.55389","99.74056","128143","125.3","57120","57"
"Mae Sai","แม่สาย","Chiang Rai","20.42806","99.88361","86298","302.8","57130","57"
"Chiang Khong","เชียงของ","Chiang Rai","20.26000","100.40667","62410","76.1","57140","57"
"Chiang Saen","เชียงแสน","Chiang Rai","20.27500","100.08833","51948","99.2","57150","57"
"Thoeng","เทิง","Chiang Rai","19.68556","100.19361","84507","102.9","57160","57"
"Wiang Pa Pao","เวียงป่าเป้า","Chiang Rai","19.34833","99.50667","68198","56.2","57170","57"
"Mae Suai","แม่สรวย","Chiang Rai","19.65639","99.54250","82989","56.3","57180","57"
"Pa Daet","ป่าแดด","Chiang Rai","19.50417","99.99306","26628","79.9","57190","57"
"Wiang Chai","เวียงชัย","Chiang Rai","19.88306","99.93306","43968","169.9","57210","57"
"Wiang Chiang Rung","เวียงเชียงรุ้ง","Chiang Rai","20.01306","100.05694","26531","100.8","57210","57"
"Mae Lao","แม่ลาว","Chiang Rai","19.79000","99.69972","30779","75.8","57250","57"
"Phaya Mengrai","พญาเม็งราย","Chiang Rai","19.84889","100.15361","41972","67.7","57290","57"
"Wiang Kaen","เวียงแก่น","Chiang Rai","20.11222","100.51361","32310","61.4","57310","57"
"Khun Tan","ขุนตาล","Chiang Rai","19.83333","100.25833","33494","143.1","57340","57"
"Mueang Mae Hong Son","เมืองแม่ฮ่องสอน","Mae Hong Son","19.30389","97.97722","53333","22.2","58000","58"
"Mae Sariang","แม่สะเรียง","Mae Hong Son","18.15944","97.93361","50937","20.1","58110","58"
"Sop Moei","สบเมย","Mae Hong Son","17.96194","97.93333","41726","29.5","58110","58"
"Mae La Noi","แม่ลาน้อย","Mae Hong Son","18.38444","97.93694","34126","23.4","58120","58"
"Pai","ปาย","Mae Hong Son","19.35861","98.44000","29526","13.2","58130","58"
"Khun Yuam","ขุนยวม","Mae Hong Son","18.83944","97.95139","21479","12.6","58140","58"
"Pang Mapha","ปางมะผ้า","Mae Hong Son","19.52250","98.24611","19708","24.7","58150","58"
"Mueang Nakhon Sawan","เมืองนครสวรรค์","Nakhon Sawan","15.70500","100.13750","238760","319.1","60000","60"
"Nong Bua","หนองบัว","Nakhon Sawan","15.86500","100.58611","70609","86.2","60110","60"
"Phayuha Khiri","พยุหะคีรี","Nakhon Sawan","15.48722","100.14000","62508","84.7","60130","60"
"Takhli","ตาคลี","Nakhon Sawan","15.26306","100.34361","114912","134.5","60140","60"
"Chum Saeng","ชุมแสง","Nakhon Sawan","15.88111","100.30250","67489","94.2","60150","60"
"Chum Ta Bong","ชุมตาบง","Nakhon Sawan","15.63167","99.55278","18369","48.5","60150","60"
"Lat Yao","ลาดยาว","Nakhon Sawan","15.75417","99.79056","91704","132.7","60150","60"
"Mae Poen","แม่เปิน","Nakhon Sawan","15.65778","99.46917","19730","75.8","60150","60"
"Mae Wong","แม่วงก์","Nakhon Sawan","15.78111","99.51917","52705","68.7","60150","60"
"Tha Tako","ท่าตะโก","Nakhon Sawan","15.64167","100.48250","69160","113.9","60160","60"
"Krok Phra","โกรกพระ","Nakhon Sawan","15.55667","100.07333","36463","122.7","60170","60"
"Banphot Phisai","บรรพตพิสัย","Nakhon Sawan","15.93583","99.98222","88300","97.0","60180","60"
"Tak Fa","ตากฟ้า","Nakhon Sawan","15.34583","100.49472","41192","72.2","60190","60"
"Phaisali","ไพศาลี","Nakhon Sawan","15.59750","100.65806","70799","72.3","60220","60"
"Kao Liao","เก้าเลี้ยว","Nakhon Sawan","15.85028","100.07861","34843","135.7","60230","60"
"Mueang Uthai Thani","เมืองอุทัยธานี","Uthai Thani","15.37944","100.02472","52591","210.3","61000","61"
"Nong Chang","หนองฉาง","Uthai Thani","15.39139","99.84139","44366","131.4","61110","61"
"Thap Than","ทัพทัน","Uthai Thani","15.45972","99.88667","38631","119.3","61120","61"
"Nong Khayang","หนองขาหย่าง","Uthai Thani","15.36417","99.92917","16369","47.1","61130","61"
"Ban Rai","บ้านไร่","Uthai Thani","15.08389","99.52111","66167","18.3","61140","61"
"Sawang Arom","สว่างอารมณ์","Uthai Thani","15.58389","99.86083","31092","91.1","61150","61"
"Lan Sak","ลานสัก","Uthai Thani","15.45278","99.57611","57548","53.3","61160","61"
"Huai Khot","ห้วยคด","Uthai Thani","15.29139","99.61667","19547","46.1","61170","61"
"Mueang Kamphaeng Phet","เมืองกำแพงเพชร","Kamphaeng Phet","16.48333","99.52000","211369","108.1","62000","62"
"Phran Kratai","พรานกระต่าย","Kamphaeng Phet","16.66472","99.58861","68529","87.6","62110","62"
"Khlong Khlung","คลองขลุง","Kamphaeng Phet","16.21667","99.72000","74812","63.1","62120","62"
"Pang Sila Thong","ปางศิลาทอง","Kamphaeng Phet","16.09667","99.49000","30591","63.7","62120","62"
"Sai Ngam","ไทรงาม","Kamphaeng Phet","16.47222","99.89667","51183","114.0","62150","62"
"Kosamphi Nakhon","โกสัมพีนคร","Kamphaeng Phet","16.63167","99.34833","28347","59.5","62170","62"
"Lan Krabue","ลานกระบือ","Kamphaeng Phet","16.60056","99.84917","41297","115.0","62170","62"
"Khanu Woralaksaburi","ขาณุวรลักษบุรี","Kamphaeng Phet","16.06139","99.86056","107631","94.2","62180","62"
"Khlong Lan","คลองลาน","Kamphaeng Phet","16.20361","99.32111","63106","55.3","62180","62"
"Sai Thong Watthana","ทรายทองวัฒนา","Kamphaeng Phet","16.31222","99.83111","23971","94.7","62190","62"
"Bueng Samakkhi","บึงสามัคคี","Kamphaeng Phet","16.18833","99.97750","26663","70.7","62210","62"
"Mueang Tak","เมืองตาก","Tak","16.88167","99.12361","98493","61.6","63000","63"
"Wang Chao","วังเจ้า","Tak","16.70417","99.24278","29726","90.4","63000","63"
"Mae Sot","แม่สอด","Tak","16.71306","98.57472","120569","60.71","63110","63"
"Ban Tak","บ้านตาก","Tak","17.04333","99.07889","46492","46.8","63120","63"
"Sam Ngao","สามเงา","Tak","17.24333","99.02250","32483","11.7","63130","63"
"Mae Ramat","แม่ระมาด","Tak","16.98306","98.51694","44798","30.4","63140","63"
"Tha Song Yang","ท่าสองยาง","Tak","17.22667","98.22500","61161","31.8","63150","63"
"Phop Phra","พบพระ","Tak","16.38611","98.69028","63336","62.9","63160","63"
"Umphang","อุ้มผาง","Tak","16.01667","98.86278","25757","6.0","63170","63"
"Mueang Sukhothai","เมืองสุโขทัย","Sukhothai","17.00778","99.82306","106397","185.0","64000","64"
"Sawankhalok","สวรรคโลก","Sukhothai","17.31667","99.83167","87735","151.7","64110","64"
"Si Samrong","ศรีสำโรง","Sukhothai","17.16472","99.86194","73810","130.5","64120","64"
"Si Satchanalai","ศรีสัชนาลัย","Sukhothai","17.51722","99.76028","95198","46.4","64130","64"
"Ban Dan Lan Hoi","บ้านด่านลานหอย","Sukhothai","17.00611","99.57472","42074","41.3","64140","64"
"Thung Saliam","ทุ่งเสลี่ยม","Sukhothai","17.32083","99.56083","49962","87.66","64150","64"
"Khiri Mat","คีรีมาศ","Sukhothai","16.83333","99.80167","56585","108.4","64160","64"
"Kong Krailat","กงไกรลาศ","Sukhothai","16.95250","99.97611","64521","128.4","64170","64"
"Si Nakhon","ศรีนคร","Sukhothai","17.34806","99.99083","27374","88.3","64180","64"
"Mueang Phitsanulok","เมืองพิษณุโลก","Phitsanulok","16.82472","100.25944","264387","352.1","65000","65"
"Bang Krathum","บางกระทุ่ม","Phitsanulok","16.58528","100.30611","48667","111.0","65110","65"
"Nakhon Thai","นครไทย","Phitsanulok","17.10083","100.83778","85842","38.7","65120","65"
"Wang Thong","วังทอง","Phitsanulok","16.82417","100.42861","119103","71.5","65130","65"
"Bang Rakam","บางระกำ","Phitsanulok","16.75833","100.11806","94854","101.3","65140","65"
"Phrom Phiram","พรหมพิราม","Phitsanulok","17.03333","100.20194","89163","107.8","65150","65"
"Wat Bot","วัดโบสถ์","Phitsanulok","16.98028","100.33333","37165","28.0","65160","65"
"Chat Trakan","ชาติตระการ","Phitsanulok","17.27667","100.59917","38646","24.4","65170","65"
"Noen Maprang","เนินมะปราง","Phitsanulok","16.56833","100.63556","58689","57.0","65190","65"
"Mueang Phichit","เมืองพิจิตร","Phichit","16.43833","100.35000","112779","153.0","66000","66"
"Taphan Hin","ตะพานหิน","Phichit","16.21500","100.42167","70573","152.1","66110","66"
"Bang Mun Nak","บางมูลนาก","Phichit","16.02778","100.37889","49302","130.5","66120","66"
"Bueng Na Rang","บึงนาราง","Phichit","16.17167","100.12667","28277","62.3","66130","66"
"Pho Thale","โพทะเล","Phichit","16.07500","100.30333","60781","127.1","66130","66"
"Sam Ngam","สามง่าม","Phichit","16.50889","100.20472","43933","130.4","66140","66"
"Wachirabarami","วชิรบารมี","Phichit","16.52500","100.14500","30739","118.5","66140","66"
"Tap Khlo","ทับคล้อ","Phichit","16.16167","100.59667","46377","122.6","66150","66"
"Sak Lek","สากเหล็ก","Phichit","16.50972","100.46944","24376","138.2","66160","66"
"Wang Sai Phun","วังทรายพูน","Phichit","16.38833","100.53833","25541","98.4","66180","66"
"Pho Prathap Chang","โพธิ์ประทับช้าง","Phichit","16.31111","100.27500","43684","115.4","66190","66"
"Dong Charoen","ดงเจริญ","Phichit","16.02833","100.62667","18214","82.7","66210","66"
"Phetchabun","เมืองเพชรบูรณ์","Phetchabun","16.44306","101.14917","211227","92.6","67000","67"
"Lom Sak","หล่มสัก","Phetchabun","16.77944","101.24222","150680","98.1","67110","67"
"Lom Kao","หล่มเก่า","Phetchabun","16.88556","101.22944","60228","65.0","67120","67"
"Wichian Buri","วิเชียรบุรี","Phetchabun","15.65722","101.10667","129291","79.2","67130","67"
"Nong Phai","หนองไผ","Phetchabun","15.99028","101.06250","115832","85.2","67140","67"
"Chon Daen","ชนแดน","Phetchabun","16.18917","100.85972","86086","75.7","67150","67"
"Bueng Sam Phan","บึงสามพัน","Phetchabun","15.79667","101.00833","66613","136.0","67160","67"
"Si Thep","ศรีเทพ","Phetchabun","15.45333","101.06722","63300","78.1","67170","67"
"Wang Pong","วังโป่ง","Phetchabun","16.34111","100.79333","38473","70.8","67240","67"
"Nam Nao","น้ำหนาว","Phetchabun","16.76833","101.67167","15485","25.0","67260","67"
"Khao Kho","เขาค้อ","Phetchabun","16.63333","100.99833","32932","24.7","67270","67"
"Mueang Ratchaburi","เมืองราชบุรี","Ratchaburi","13.52833","99.81167","183528","426.5","70000","70"
"Ban Pong","บ้านโป่ง","Ratchaburi","13.81417","99.87111","157689","430.1","70110","70"
"Photharam","โพธาราม","Ratchaburi","13.69222","99.85361","128434","308.0","70120","70"
"Damnoen Saduak","ดำเนินสะดวก","Ratchaburi","13.51750","99.95472","98994","470.7","70130","70"
"Pak Tho","ปากท่อ","Ratchaburi","13.36778","99.83056","64917","79.2","70140","70"
"Chom Bueng","จอมบึง","Ratchaburi","13.61972","99.59167","58057","75.2","70150","70"
"Bang Phae","บางแพ","Ratchaburi","13.69139","99.93028","44562","248.8","70160","70"
"Wat Phleng","วัดเพลง","Ratchaburi","13.45389","99.88694","12228","322.6","70170","70"
"Ban Kha","บ้านคา","Ratchaburi","13.43000","99.40833","22818","22.2","70180","70"
"Suan Phueng","สวนผึ้ง","Ratchaburi","13.54333","99.34000","30252","30.1","70180","70"
"Mueang Kanchanaburi","เมืองกาญจนบุรี","Kanchanaburi","14.00333","99.55000","153597","124.2","71000","71"
"Tha Muang","ท่าม่วง","Kanchanaburi","13.96667","99.63861","105415","172.5","71110","71"
"Tha Maka","ท่ามะกา","Kanchanaburi","13.92083","99.76556","133051","390.4","71120","71"
"Phanom Thuan","พนมทวน","Kanchanaburi","14.13028","99.69889","51979","97.0","71140","71"
"Sai Yok","อำเภอไทรโยค","Kanchanaburi","14.11556","99.14444","51692","18.9","71150","71"
"Bo Phloi","บ่อพลอย","Kanchanaburi","14.32583","99.51444","54288","56.1","71160","71"
"Huai Krachao","ห้วยกระเจา","Kanchanaburi","14.32722","99.66667","32602","52.5","71170","71"
"Thong Pha Phum","ทองผาภูมิ","Kanchanaburi","14.74583","98.62500","62848","17.2","71180","71"
"Lao Khwan","เลาขวัญ","Kanchanaburi","14.59639","99.77472","54967","66.1","71210","71"
"Nong Prue","หนองปรือ","Kanchanaburi","14.61139","99.45028","29703","59.1","71220","71"
"Sangkhla Buri","สังขละบุรี","Kanchanaburi","15.15556","98.45333","40162","12.0","71240","71"
"Si Sawat","ศรีสวัสดิ์","Kanchanaburi","14.59917","99.11389","23700","7.2","71250","71"
"Dan Makham Tia","ด่านมะขามเตี้ย","Kanchanaburi","13.85361","99.41056","32248","40.0","71260","71"
"Suphan Buri","สุพรรณบุรี","Suphanburi","14.484444","100.123611","158087","292.3","72000","72"
"Song Phi Nong","สองพี่น้อง","Suphanburi","14.22361","100.02111","126905","173.3","72110","72"
"Doem Bang Nang Buat","เดิมบางนางบวช","Suphanburi","14.85361","100.09778","74619","135.1","72120","72"
"Sam Chuk","สามชุก","Suphanburi","14.75528","100.09472","58223","163.6","72130","72"
"Si Prachan","ศรีประจันต์","Suphanburi","14.61972","100.14444","64995","359.1","72140","72"
"Bang Pla Ma","บางปลาม้า","Suphanburi","14.40222","100.15444","86947","180.7","72150","72"
"U Thong","อู่ทอง","Suphanburi","14.37556","99.89222","111696","1172","72160","72"
"Don Chedi","ดอนเจดีย์","Suphanburi","14.63500","100.02167","45336","179.8","72170","72"
"Dan Chang","ด่านช้าง","Suphanburi","14.84167","99.69722","64416","54.0","72180","72"
"Nong Ya Sai","หนองหญ้าไซ","Suphanburi","14.77500","99.91111","49894","118.7","72240","72"
"Mueang Nakhon Pathom","เมืองนครปฐม","Nakhon Pathom","13.81972","100.06583","271391","650.2","73000","73"
"Sam Phran","สามพราน","Nakhon Pathom","13.72417","100.21667","171562","688","73110","73"
"Nakhon Chai Si","นครชัยศรี","Nakhon Pathom","13.80111","100.18778","106840","354.9","73120","73"
"Bang Len","บางเลน","Nakhon Pathom","14.02167","100.16556","89223","156","73130","73"
"Kamphaeng Saen","กำแพงแสน","Nakhon Pathom","13.98389","99.99389","124715","307.9","73140","73"
"Don Tum","ดอนตูม","Nakhon Pathom","13.96056","100.08139","45386","265","73150","73"
"Phutthamonthon","พุทธมณฑล","Nakhon Pathom","13.80194","100.32167","28275","541","73170","73"
"Mueang Samut Sakhon","เมืองสมุทรสาคร","Samut Sakhon","13.54833","100.27333","237045","482","74000","74"
"Krathum Baen","กระทุ่มแบน","Samut Sakhon","13.65583","100.26778","138309","1022","74110","74"
"Ban Phaeo","บ้านแพ้ว","Samut Sakhon","13.59056","100.10778","90961","371","74120","74"
"Mueang Samut Songkhram","เมืองสมุทรสงคราม","Samut Songkhram","13.41389","100.00333","103559","610.8","75000","75"
"Amphawa","อัมพวา","Samut Songkhram","13.42472","99.95722","57161","365.2","75110","75"
"Bang Khonthi","บางคนที","Samut Songkhram","13.46889","99.94056","33334","435.4","75120","75"
"Mueang Phetchaburi","เมืองเพชรบุรี","Phetchaburi","13.11194","99.94389","115000","405.1","76000","76"
"Ban Laem","บ้านแหลม","Phetchaburi","13.20056","99.98028","54068","290.7","76110","76"
"Cha-am","ชะอำ","Phetchaburi","12.79972","99.96694","20573","73.37","76121","76"
"Tha Yang","ท่ายาง","Phetchaburi","12.97333","99.88778","80794","109.7","76130","76"
"Khao Yoi","เขาย้อย","Phetchaburi","13.24028","99.82417","37697","121.8","76140","76"
"Ban Lat","บ้านลาด","Phetchaburi","13.04944","99.91889","50351","168.9","76150","76"
"Nong Ya Plong","หนองหญ้าปล้อง","Phetchaburi","13.16306","99.69722","14390","11.5","76160","76"
"Kaeng Krachan","แก่งกระจาน","Phetchaburi","12.90750","99.64806","27668","11.1","76170","76"
"Mueang Prachuap Khiri Khan","เมืองประจวบคีรีขันธ์","Prachuap Khiri Khan","11.80833","99.79667","90869","109.48","77000","77"
"Hua Hin","หัวหิน","Prachuap Khiri Khan","12.56861","99.95778","85099","101.44","77110","77"
"Pran Buri","ปราณบุรี","Prachuap Khiri Khan","12.39500","99.91667","73634","96.2","77120","77"
"Thap Sakae","ทับสะแก","Prachuap Khiri Khan","11.50000","99.62167","47645","88.31","77130","77"
"Bang Saphan","บางสะพาน","Prachuap Khiri Khan","11.21417","99.51194","71241","82.07","77140","77"
"Kui Buri","กุยบุรี","Prachuap Khiri Khan","12.08278","99.85417","41246","44.09","77150","77"
"Bang Saphan Noi","บางสะพานน้อย","Prachuap Khiri Khan","11.07500","99.44167","35553","49.37","77170","77"
"Sam Roi Yot","สามร้อยยอด","Prachuap Khiri Khan","12.27056","99.87194","47845","54.87","77180","77"
"Mueang Nakhon Si Thammarat","นครศรีธรรมราช","Nakhon Si Thammarat","8.42000","99.96333","266613","431.83","80000","80"
"Phra Phrom","พระพรหม","Nakhon Si Thammarat","8.33833","99.90167","41774","282.3","80000","80"
"Thung Song","ทุ่งสง","Nakhon Si Thammarat","8.16472","99.68083","151563","140.3","80110","80"
"Sichon","สิชล","Nakhon Si Thammarat","9.00667","99.90167","83981","119.4","80120","80"
"Chulabhorn","จุฬาภรณ์","Nakhon Si Thammarat","8.07500","99.87000","30668","159.3","80130","80"
"Ron Phibun","ร่อนพิบูลย์","Nakhon Si Thammarat","8.18000","99.85500","82754","246.7","80130","80"
"Pak Phanang","ปากพนัง","Nakhon Si Thammarat","8.35833","100.20667","107505","254.4","80140","80"
"Chawang","ฉวาง","Nakhon Si Thammarat","8.42611","99.50472","65787","124.5","80150","80"
"Nopphitam","นบพิตำ","Nakhon Si Thammarat","8.71944","99.75167","29670","41.2","80160","80"
"Tha Sala","ท่าศาลา","Nakhon Si Thammarat","8.66667","99.93167","106933","293.9","80160","80"
"Hua Sai","หัวไทร","Nakhon Si Thammarat","8.04000","100.27500","68863","164.8","80170","80"
"Cha-uat","ชะอวด","Nakhon Si Thammarat","7.96500","99.99833","84227","101.1","80180","80"
"Chaloem Phra Kiat","เฉลิมพระเกียรติ","Nakhon Si Thammarat","8.176667","100.035","33466","269.7","80190","80"
"Chian Yai","เชียรใหญ่","Nakhon Si Thammarat","8.16833","100.14500","45827","196.9","80190","80"
"Khanom","ขนอม","Nakhon Si Thammarat","9.20472","99.86111","27572","63.5","80210","80"
"Na Bon","นาบอน","Nakhon Si Thammarat","8.26167","99.59500","26428","137.0","80220","80"
"Lan Saka","ลานสกา","Nakhon Si Thammarat","8.37167","99.80500","40406","117.83","80230","80"
"Thung Yai","ทุ่งใหญ่","Nakhon Si Thammarat","8.29667","99.37500","67202","111.4","80240","80"
"Chang Klang","ช้างกลาง","Nakhon Si Thammarat","8.37417","99.56806","29594","127.3","80250","80"
"Tham Phannara","ถ้ำพรรณรา","Nakhon Si Thammarat","8.42000","99.39500","17315","102.4","80260","80"
"Phipun","พิปูน","Nakhon Si Thammarat","8.56000","99.60833","27578","75.8","80270","80"
"Phrom Khiri","พรหมคีรี","Nakhon Si Thammarat","8.52167","99.82500","36906","114.79","80320","80"
"Bang Khan","บางขัน","Nakhon Si Thammarat","8.02667","99.47333","40498","67.3","80360","80"
"Krabi","กระบี่","Krabi","8.061667","98.918611","79622","133.7","81000","81"
"Ao Luek","อ่าวลึก","Krabi","8.37750","98.72167","48474","62.7","81110","81"
"Khlong Thom","คลองท่อม","Krabi","7.95333","99.14500","70337","67.5","81120","81"
"Lam Thap","ลำทับ","Krabi","8.07167","99.29167","20069","62.6","81120","81"
"Nuea Khlong","เหนือคลอง","Krabi","8.07472","99.00361","54789","132.1","81130","81"
"Khao Phanom","เขาพนม","Krabi","8.26472","99.04917","45982","58.3","81140","81"
"Ko Lanta","เกาะลันตา","Krabi","7.65556","99.04194","30500","81.4","81150","81"
"Plai Phraya","ปลายพระยา","Krabi","8.53333","98.86278","35434","81.8","81160","81"
"Mueang Phang Nga","พังงา","Phang Nga","8.44333","98.51806","38426","69.9","82000","82"
"Takua Pa","ตะกั่วป่า","Phang Nga","8.86944","98.34306","41240","72.5","82110","82"
"Thai Mueang","ท้ายเหมือง","Phang Nga","8.40000","98.26167","45547","74.4","82120","82"
"Takua Thung","ตะกั่วทุ่ง","Phang Nga","8.39222","98.45194","40392","66.1","82130","82"
"Khura Buri","คุระบุรี","Phang Nga","9.19389","98.41500","23308","29.2","82150","82"
"Ko Yao","เกาะยาว","Phang Nga","8.11167","98.59083","13155","90.3","82160","82"
"Kapong","กะปง","Phang Nga","8.69667","98.40833","12963","22.0","82170","82"
"Thap Put","ทับปุด","Phang Nga","8.51611","98.63972","24046","88.3","82180","82"
"Mueang Phuket","เมืองภูเก็ต","Phuket","7.89000","98.38500","196733","878.3","83000","83"
"Thalang","ถลาง","Phuket","8.03167","98.33389","75224","298.5","83110","83"
"Kathu","กะทู้","Phuket","7.90889","98.33333","43541","649","83120","83"
"Mueang Surat Thani","เมืองสุราษฎร์ธานี","Surat Thani","9.13639","99.32028","166891","713.8","84100","84"
"Chaiya","ไชยา","Surat Thani","9.38667","99.20000","47750","47.52","84110","84"
"Ban Na San","บ้านนาสาร","Surat Thani","8.80056","99.36417","68345","81.4","84120","84"
"Phunphin","พุนพิน","Surat Thani","9.10972","99.23194","89908","72.8","84130","84"
"Ko Samui","เกาะสมุย","Surat Thani","9.500","100.000","62500","270","84140","84"
"Tha Chang","ท่าช้าง","Surat","9.280833","99.200833","31013","26.56","84150","84"
"Kanchanadit","กาญจนดิษฐ์","Surat Thani","9.16556","99.47111","98432","109.8","84160","84"
"Tha Chana","ท่าชนะ","Surat Thani","9.57222","99.16500","51664","72.6","84170","84"
"Khiri Rat Nikhom","คีรีรัฐนิคม","Surat Thani","9.03000","98.95333","39957","49.2","84180","84"
"Vibhavadi","วิภาวดี","Surat Thani","9.23889","98.97889","12791","23.4","84180","84"
"Wiang Sa","เวียงสระ","Surat Thani","8.629722","99.343056","41030","96","84190","84"
"Chai Buri","ชัยบุรี","Surat Thani","8.46278","99.07667","23347","53.0","84210","84"
"Phrasaeng","พระแสง","Surat Thani","8.56833","99.24833","63774","63.7","84210","84"
"Don Sak","ดอนสัก","Surat Thani","9.31389","99.69028","35468","77.0","84220","84"
"Ban Ta Khun","บ้านตาขุน","Surat Thani","8.90500","98.88500","14116","10.8","84230","84"
"Ban Na Doem","บ้านนาเดิม","Surat Thani","8.88500","99.31000","21797","105.1","84240","84"
"Phanom","พนม","Surat Thani","8.85500","98.81333","33513","47.4","84250","84"
"Khian Sa","เคียนซา","Surat Thani","8.84083","99.19417","42619","73.03","84260","84"
"Ko Pha-ngan","เกาะพะงัน","Ubon Ratchathani","9.71667","100.00000","13700","109.6","84280","84"
"Mueang Ranong","เมืองระนอง","Ranong","9.96722","98.63389","90569","126.9","85000","85"
"Kra Buri","กระบุรี","Ranong","10.43167","98.78833","44808","57.2","85110","85"
"Kapoe","กะเปอร์","Ranong","9.58528","98.59611","19193","29.2","85120","85"
"Suk Samran","สุขสำราญ","Ranong","9.34472","98.42944","11046","28.0","85120","85"
"La-un","ละอุ่น","Ranong","10.11500","98.75000","12506","16.7","85130","85"
"Mueang Chumphon","เมืองชุมพร","Chumphon","10.49306","99.18028","141.765","189.4","86000","86"
"Lang Suan","หลังสวน","Chumphon","9.94556","99.07861","70837","75.8","86110","86"
"Sawi","สวี","Chumphon","10.25306","99.09444","69340","77.2","86130","86"
"Tha Sae","ท่าแซะ","Chumphon","10.66500","99.17333","76947","51.8","86140","86"
"Pathio","ปะทิว","Chumphon","10.70917","99.31833","44393","74.5","86160","86"
"Lamae","ละแม","Chumphon","9.76833","99.09167","27278","105.3","86170","86"
"Phato","พะโต๊ะ","Chumphon","9.79167","98.77667","22633","23.9","86180","86"
"Thung Tako","ทุ่งตะโก","Chumphon","10.11028","99.08278","23535","70.3","86220","86"
"Mueang Songkhla","เมืองสงขลา","Songkhla","7.20694","100.59639","163072","948.7","90000","90"
"Bang Klam","บางกล่ำ","Songkhla","7.08917","100.41083","27392","185.3","90110","90"
"Hat Yai","หาดใหญ่","Songkhla","7.00194","100.45722","359813","422","90110","90"
"Sadao","สะเดา","Songkhla","6.63861","100.42389","120306","116.5","90120","90"
"Chana","จะนะ","Songkhla","6.91417","100.74056","97095","193.0","90130","90"
"Ranot","ระโนด","Songkhla","7.76833","100.32333","67551","90.5","90140","90"
"Thepha","เทพา","Songkhla","6.82833","100.96500","69278","70.8","90150","90"
"Na Thawi","นาทวี","Songkhla","6.74167","100.69167","58675","78.5","90160","90"
"Rattaphum","รัตภูมิ","Songkhla","7.13500","100.27333","67961","114.8","90180","90"
"Sathing Phra","สทิงพระ","Songkhla","7.47333","100.43833","50089","417.4","90190","90"
"Saba Yoi","สะบ้าย้อย","Songkhla","6.61833","100.95167","63496","74.4","90210","90"
"Khuan Niang","ควนเนียง","Songkhla","7.18694","100.35778","33264","159.9","90220","90"
"Khlong Hoi Khong","คลองหอยโข่ง","Songkhla","6.89917","100.38861","23504","85.4","90230","90"
"Krasae Sin","กระแสสินธุ์","Songkhla","7.61833","100.32833","16055","166.5","90270","90"
"Na Mom","นาหม่อม","Songkhla","6.95833","100.55694","20950","226.6","90310","90"
"Singhanakhon","สิงหนคร","Songkhla","7.23833","100.55278","79281","347.7","90330","90"
"Mueang Satun","เมืองสตูล","Satun","6.62333","100.06667","101557","115.4","91000","91"
"La-ngu","ละงู","Satun","6.86389","99.80250","63933","168.1","91110","91"
"Thung Wa","ทุ่งหว้า","Satun","7.10917","99.75583","20683","45.75","91120","91"
"Khuan Kalong","ควนกาหลง","Satun","6.84667","100.07167","29538","71.5","91130","91"
"Manang","มะนัง","Satun","28.55194","84.24083","9587","4.3","91130","91"
"Tha Phae","ท่าแพ","Satun","6.79000","99.97000","24991","126.7","91150","91"
"Khuan Don","ควนโดน","Satun","6.78833","100.07667","22552","113.3","91160","91"
"Mueang Trang","เมืองตรัง","Trang","7.55833","99.61000","147034","268.0","92000","92"
"Kantang","กันตัง","Trang","7.40556","99.51528","84285","135.5","92110","92"
"Hat Samran","หาดสำราญ","Trang","7.24000","99.57667","15550","69.4","92120","92"
"Palian","ปะเหลียน","Trang","7.17167","99.68667","62914","64.7","92120","92"
"Huai Yot","ห้วยยอด","Trang","7.78500","99.63500","90261","119.8","92130","92"
"Yan Ta Khao","ย่านตาขาว","Trang","7.38667","99.66667","61416","142.5","92140","92"
"Sikao","สิเกา","Trang","7.57167","99.34500","34486","63.6","92150","92"
"Ratsada","รัษฎา","Trang","7.97500","99.63333","26381","113.5","92160","92"
"Na Yong","นาโยง","Trang","7.56167","99.69500","42294","256.2","92170","92"
"Wang Wiset","วังวิเศษ","Trang","7.73500","99.39333","38696","81.1","92220","92"
"Mueang Phatthalung","เมืองพัทลุง","Phatthalung","7.61833","100.07333","119680","280.0","93000","93"
"Srinagarindra","ศรีนครินทร์","Phatthalung","7.57333","99.94167","25412","112.6","93000","93"
"Khuan Khanun","ควนขนุน","Phatthalung","7.73500","100.01000","82425","181.6","93110","93"
"Pa Phayom","ป่าพะยอม","Phatthalung","7.84000","99.91833","32280","83.5","93110","93"
"Pak Phayun","ปากพะยูน","Phatthalung","7.34167","100.31667","50052","115.3","93120","93"
"Khao Chaison","เขาชัยสน","Phatthalung","7.46167","100.13333","43292","166.4","93130","93"
"Bang Kaeo","บางแก้ว","Phatthalung","7.43000","100.17833","25628","215.4","93140","93"
"Tamot","ตะโหมด","Phatthalung","7.34000","100.11167","27982","105.9","93160","93"
"Pa Bon","ป่าบอน","Phatthalung","7.27000","100.17000","43981","115.5","93170","93"
"Kong Ra","กงหรา","Phatthalung","7.40333","99.95000","33413","130.6","93180","93"
"Si Banphot","ศรีบรรพต","Phatthalung","7.72000","99.88333","16465","75.4","93190","93"
"Mueang Pattani","เมืองปัตตานี","Pattani","6.86861","101.25000","118302","1221.3","94000","94"
"Sai Buri","สายบุรี","Pattani","6.70139","101.61750","64260","353.6","94110","94"
"Khok Pho","โคกโพธิ์","Pattani","6.72944","101.09611","64329","189.5","94120","94"
"Panare","ปะนาเระ","Pattani","6.86000","101.49139","43131","299.0","94130","94"
"Mayo","มายอ","Pattani","6.71861","101.41000","53070","245.6","94140","94"
"Thung Yang Daeng","ทุ่งยางแดง","Pattani","6.61750","101.42583","20203","175.7","94140","94"
"Yaring","ยะหริ่ง","Pattani","6.86639","101.36917","77941","396.0","94150","94"
"Yarang","ยะรัง","Pattani","6.76028","101.29333","83770","455.2","94160","94"
"Nong Chik","หนองจิก","Pattani","6.84444","101.17861","69510","296.6","94170","94"
"Mae Lan","แม่ลาน","Pattani","6.66083","101.23972","14863","166.6","94180","94"
"Mai Kaen","ไม้แก่น","Pattani","6.61000","101.66722","11269","204.1","94220","94"
"Kapho","กะพ้อ","Pattani","6.55917","101.53417","15782","168.2","94230","94"
"Krong Pinang","กรงปินัง","Yala","6.41111","101.27333","22411","117.3","95000","95"
"Mueang Yala","เมืองยะลา","Yala","6.54250","101.28306","161194","620.3","95000","95"
"Betong","เบตง","Yala","5.77361","101.06056","54620","41.1","95110","95"
"Kabang","กาบัง","Yala","6.42750","101.01917","17702","39.3","95120","95"
"Yaha","ยะหา","Yala","6.47833","101.13500","51546","103.1","95120","95"
"Bannang Sata","บันนังสตา","Yala","6.26667","101.26444","53161","84.5","95130","95"
"Raman","รามัน","Yala","6.47833","101.42417","85187","142.2","95140","95"
"Than To","ธารโต","Yala","6.16722","101.18000","21323","32.9","95150","95"
"Mueang Narathiwat","เมืองนราธิวาส","Narathiwat","6.42611","101.82306","108644","356.1","96000","96"
"Tak Bai","ตากใบ","Narathiwat","6.25889","102.05500","66579","257.5","96110","96"
"Su-ngai Kolok","สุไหงโก-ลก","Narathiwat","6.02944","101.96611","69757","504.4","96120","96"
"Cho-airong","เจาะไอร้อง","Narathiwat","6.20167","101.84167","35989","221.2","96130","96"
"Ra-ngae","ระแงะ","Narathiwat","6.29639","101.72833","144259","331.2","96130","96"
"Su-ngai Padi","สุไหงปาดี","Narathiwat","6.08528","101.88028","54095","145.2","96140","96"
"Waeng","แว้ง","Narathiwat","5.92806","101.88389","47314","136.2","96160","96"
"Bacho","บาเจาะ","Narathiwat","6.51694","101.65167","48605","283.1","96170","96"
"Rueso","รือเสาะ","Narathiwat","6.39472","101.51833","62893","134.3","96180","96"
"Yi-ngo","ยี่งอ","Narathiwat","6.40306","101.70611","40685","202.9","96180","96"
"Sukhirin","สุคิริน","Narathiwat","5.93889","101.77056","22194","43.3","96190","96"
"Si Sakhon","ศรีสาคร","Narathiwat","6.23139","101.50000","31576","63.1","96210","96"
"Chanae","จะแนะ","Narathiwat","6.09833","101.69333","31336","51.6","96220","96"
"Mueang Nakhon Ratchasima","อำเภอเมืองนครราชสีมา","Nakhon Ratchasima","14.97111","102.09972","454647","601",30000,"30"
